employee_id,employee_name,department,job_title,hire_date,salary,manager_id,performance_rating,location,employee_status
1,Lil Cristea,Services,Research Assistant III,10/23/2008,45337.54,1,2,18 de Marzo,On Leave
2,Shoshanna Seamons,Training,Data Coordinator,2/4/2018,95397.81,2,1,Cibolang,On Leave
3,Jenna Werrett,Research and Development,Assistant Manager,3/18/2002,54989.48,3,2,Olafulihaa,Inactive
4,Fanchette Pitts,Sales,Research Assistant I,8/3/2010,42720.04,4,4,Czemierniki,On Leave
5,Cthrine Oller,Research and Development,Registered Nurse,9/29/2008,62339.46,5,4,Cujillo,Active
6,Bianka Kunisch,Sales,Software Engineer IV,10/5/2015,123289.46,6,2,Dukoh,Active
7,Florri O'Noulane,Support,Chemical Engineer,4/27/2013,56782.72,7,3,Mosta,Inactive
8,Nessi Whilder,Business Development,Systems Administrator III,10/5/2005,126418.35,8,4,Sélestat,Inactive
9,Leonardo Eckels,Accounting,Chief Design Engineer,2/18/2001,148134.99,9,3,Dagar,On Leave
10,Rebekkah Fergyson,Product Management,Geologist IV,9/16/2019,65767.61,10,2,Ronggo,Inactive
11,Jenilee Barhams,Marketing,VP Marketing,10/6/2021,136768.52,11,4,Eskilstuna,Active
12,Gan Bankhurst,Product Management,Payment Adjustment Coordinator,7/7/2014,78698.58,12,3,Suci Kaler,Active
13,Harmony Stenners,Human Resources,Senior Quality Engineer,3/23/2018,131803.4,13,3,Guimbal,On Leave
14,Aron Port,Legal,Staff Accountant II,8/17/2018,76545.33,14,5,Weston,Active
15,Ashby Trusslove,Product Management,VP Quality Control,2/16/2018,45527.21,15,1,Ketara,Active
16,Welsh Garoghan,Marketing,Developer II,6/8/2010,85909.15,16,4,Villefranche-sur-Mer,Inactive
17,Ketti Jewiss,Services,Project Manager,1/18/2010,67343.42,17,4,Pompéia,On Leave
18,Ajay Blankau,Research and Development,VP Sales,6/4/2007,46563.13,18,2,Tsengel,On Leave
19,Leta Moohan,Human Resources,Chemical Engineer,7/16/2008,136481.68,19,2,Dhankutā,On Leave
20,Estell Worsley,Accounting,Analyst Programmer,10/30/2019,139316.08,20,2,Suining,Active
21,Flory Terrill,Services,VP Accounting,6/20/2000,137038.37,21,2,Pukou,On Leave
22,Jacinthe Weson,Sales,Web Designer II,10/3/2017,117505.83,22,3,Milano,On Leave
23,Dosi McCaughey,Legal,Senior Sales Associate,7/18/2015,116849.44,23,3,Sunzhen,Inactive
24,Madelyn Mullins,Business Development,Administrative Officer,12/2/2009,83229.02,24,4,Duma,On Leave
25,Westleigh Zettler,Product Management,Nurse Practicioner,8/16/2003,75078.85,25,2,Smokvica,Inactive
26,Filbert Cressingham,Product Management,Electrical Engineer,11/18/2019,75984.14,26,2,Huddinge,Active
27,Tiena Achromov,Legal,Teacher,9/15/2006,85729.61,27,2,Pojok,On Leave
28,Herrick Denley,Training,Financial Advisor,8/24/2006,55175.83,28,3,Buzuluk,Active
29,Meredith Rollings,Legal,Human Resources Assistant III,3/11/2014,78924.74,29,1,Lisewo Malborskie,On Leave
30,Ted Lownsbrough,Accounting,Payment Adjustment Coordinator,4/17/2016,67132.31,30,4,Fangyan,Active
31,Bowie Yeabsley,Legal,Research Nurse,7/29/2002,134843.7,31,3,Ituzaingó,Inactive
32,Rustie Meneghi,Marketing,VP Marketing,8/23/2005,75594.18,32,1,Majagual,Active
33,Linn Coultard,Services,Senior Cost Accountant,2/18/2011,108596.68,33,1,Naberera,Inactive
34,Elwin Gerson,Services,Account Coordinator,6/20/2003,110701.98,34,4,Dawang,On Leave
35,Lyn Aleksandrov,Human Resources,Help Desk Operator,5/7/2022,136816.61,35,5,Petaling Jaya,On Leave
36,Farra Brosh,Business Development,Marketing Assistant,11/19/2011,54985.54,36,5,Huadi,Inactive
37,Renard Shellibeer,Human Resources,Mechanical Systems Engineer,10/23/2001,77513.72,37,3,Chimoio,Inactive
38,Nell Cinelli,Product Management,Nurse,7/18/2006,140570.22,38,5,Léo,Active
39,Nell Balharry,Human Resources,VP Quality Control,7/1/2021,79502.22,39,5,Dayapan,Inactive
40,Mandy Iredell,Sales,Help Desk Technician,9/4/2008,57731.77,40,3,Dýšina,Active
41,Aime Gready,Product Management,Senior Developer,2/1/2012,143392.98,41,4,Wenchang,Inactive
42,Blakeley Ashpital,Business Development,Environmental Specialist,5/5/2011,65627.3,42,3,Wonopringgo,Active
43,Mallory Talbot,Legal,Research Associate,7/19/2012,81895.63,43,3,Verkhnya Syrovatka,On Leave
44,Sherman Purshouse,Accounting,Human Resources Assistant III,6/4/2013,95276.76,44,4,Zamarski,Inactive
45,Rourke Hapgood,Training,Occupational Therapist,9/5/2017,101411.17,45,3,Sainte-Geneviève-des-Bois,Inactive
46,Marlon Antosch,Business Development,Nurse Practicioner,7/12/2018,30908.07,46,4,Strasbourg,Inactive
47,Chicky Perrone,Services,Budget/Accounting Analyst III,8/5/2015,54492.54,47,3,Luxi,Active
48,Karrah M'Chirrie,Business Development,Registered Nurse,9/13/2019,63719.06,48,3,Iwakura,On Leave
49,Benoite Lomasney,Services,Operator,11/2/2012,71110.69,49,3,Krajan Gajihan,Inactive
50,Dyann Peto,Engineering,Assistant Professor,11/2/2022,110137.69,50,3,Béthune,Active
51,Kellen Jime,Engineering,Statistician II,4/12/2016,46271.12,51,2,Rudnichnyy,Inactive
52,Forster Prothero,Marketing,Media Manager III,4/13/2012,77576.66,52,3,Cikotok,Inactive
53,Ludovika Pechell,Sales,Chief Design Engineer,10/8/2009,33699.67,53,5,Puno,Active
54,Robyn Rosbrough,Legal,Senior Financial Analyst,11/19/2000,99707.64,54,3,San Jose Village,Inactive
55,Georgia Padefield,Accounting,Senior Quality Engineer,12/16/2021,149242.36,55,3,Ōmihachiman,Active
56,Jacquetta Packman,Product Management,Nurse Practicioner,9/20/2012,127519.48,56,2,Cidikit Girang,Inactive
57,Kathlin Feaks,Engineering,Software Consultant,6/13/2020,147497.89,57,5,Samobor,Active
58,Merrel Ransbury,Product Management,Help Desk Operator,2/27/2020,43886.51,58,2,Tanahmerah,Inactive
59,Delmer Albrook,Business Development,Help Desk Technician,10/25/2010,125598.27,59,3,Fuding,Active
60,Fanchette Muggleston,Engineering,Accounting Assistant I,7/1/2017,126600.09,60,3,Kuala Pilah,Inactive
61,Rikki Blanshard,Product Management,Staff Accountant II,11/10/2017,111204.27,61,1,Shuangtian,Inactive
62,Matty O'Towey,Business Development,Information Systems Manager,7/31/2009,86610.12,62,4,Kungshamn,Inactive
63,Velvet Tarquinio,Sales,Human Resources Assistant III,2/4/2022,81011.52,63,1,Svislach,Inactive
64,Marget Wontner,Marketing,Administrative Assistant III,6/20/2006,31030.59,64,5,General La Madrid,Active
65,Hayley Edel,Product Management,Biostatistician I,2/18/2001,64657.6,65,2,Qal‘ah-ye Shāhī,Active
66,Margette Javes,Legal,Help Desk Technician,5/20/2008,35844.34,66,4,Huineno,Active
67,Henriette Trevna,Support,Nuclear Power Engineer,4/27/2009,34352.03,67,5,Campoverde,On Leave
68,Jill Convery,Sales,Database Administrator IV,12/4/2001,83634.13,68,2,Manlucahoc,Inactive
69,Yule Linner,Research and Development,Human Resources Assistant III,11/2/2008,128358.58,69,4,Vilkija,Inactive
70,Nevins Youster,Human Resources,Chemical Engineer,12/3/2012,100820.74,70,5,Kankan,Active
71,Dulce Gaiter,Engineering,Analyst Programmer,10/18/2016,36797.06,71,3,Baruta,Inactive
72,Pamella Bolstridge,Marketing,Social Worker,7/7/2001,107026.44,72,2,Guangping,Inactive
73,Gretel Roscher,Engineering,Help Desk Operator,7/13/2001,149298.54,73,4,Chenfangji,Active
74,Allyn Tees,Engineering,Recruiter,1/28/2009,98753.21,74,4,Los Mangos,Inactive
75,Tobe Brunelleschi,Research and Development,Occupational Therapist,11/17/2016,146790.97,75,4,Montalvão,Active
76,Duffie Seville,Sales,Senior Cost Accountant,9/28/2022,79700.68,76,5,Changning,On Leave
77,Vernon Rathe,Research and Development,Civil Engineer,7/23/2008,85769.83,77,3,Bijeli,On Leave
78,Rina Towlson,Services,Analog Circuit Design manager,3/8/2014,55898.16,78,4,Manalad,Active
79,Malina Treleven,Services,Administrative Officer,3/20/2001,67266.73,79,3,Lexington,Active
80,Gisella Ubsdell,Business Development,Account Representative III,5/6/2016,148309.55,80,1,Golcowa,On Leave
81,Donia Emmanueli,Human Resources,Sales Associate,1/17/2016,148833.2,81,3,Strum,On Leave
82,Claire Curedale,Services,Senior Cost Accountant,5/13/2014,32870.48,82,3,Niagara Falls,On Leave
83,Tanitansy Ber,Legal,Geological Engineer,6/4/2018,49873.82,83,4,Lamas,Active
84,Analise Grimster,Human Resources,Marketing Manager,3/28/2005,56414.23,84,5,Puerto Quijarro,Inactive
85,Fitzgerald Merwede,Sales,Electrical Engineer,9/25/2008,143923.34,85,5,Chunghwa,Active
86,Jodi Callaghan,Business Development,Safety Technician IV,11/19/2008,72510.6,86,3,Arroio Grande,Active
87,Jeri Whelpton,Training,Librarian,11/23/2008,36838.76,87,1,Irkliyevskaya,Active
88,Allyn Georgeou,Services,Paralegal,8/11/2021,115248.48,88,2,Columbia,Active
89,Uri Girauld,Marketing,Product Engineer,6/15/2000,67051.83,89,2,Ouagadougou,Inactive
90,Kalinda Mebius,Engineering,Pharmacist,11/30/2008,63848.21,90,4,Huangli,Active
91,Rollin Willbond,Services,Software Engineer III,11/23/2022,56122.56,91,3,Simpang,Active
92,Pembroke Gabel,Sales,Desktop Support Technician,10/30/2013,105087.21,92,1,Partikan,Active
93,Zorah Gartenfeld,Engineering,Geological Engineer,11/28/2009,102241.61,93,1,Damnica,Active
94,Darrin Dybald,Product Management,VP Marketing,10/8/2012,104795.57,94,2,Zaozhuang,On Leave
95,Joyous MacSorley,Training,Junior Executive,5/25/2018,138610.77,95,1,Mercaderes,Inactive
96,Winthrop Troop,Services,Marketing Manager,7/29/2020,146834.29,96,3,Andros Town,Inactive
97,Adda Guiduzzi,Human Resources,Nurse Practicioner,4/18/2010,66948.73,97,3,Siikajoki,On Leave
98,Olga Griffithe,Product Management,Office Assistant IV,7/21/2011,41475.21,98,3,Datong,Active
99,Hunfredo Birdwistle,Product Management,Assistant Professor,4/23/2018,138910.54,99,3,Tsaghveri,Inactive
100,Lil Charlon,Human Resources,Operator,1/19/2003,129288.13,100,2,Castelsarrasin,On Leave
101,Sherlocke Blackwell,Services,Administrative Officer,2/20/2005,110102.51,101,3,Padaran,On Leave
102,Marillin Hobbema,Engineering,Design Engineer,5/8/2016,34727.25,102,2,Bhunya,Active
103,Etta Delagnes,Sales,Financial Analyst,6/20/2007,114082.97,103,5,Węgrzce Wielkie,Active
104,Eldredge Vargas,Legal,Human Resources Manager,8/3/2017,140780.31,104,3,Young America,On Leave
105,Harland Finci,Services,Food Chemist,3/8/2002,138929.28,105,5,Taihe Chengguanzhen,Inactive
106,Darsie Cardinale,Marketing,Software Test Engineer II,8/29/2014,99669.42,106,4,Dnestrovsc,On Leave
107,Netti Perago,Marketing,Operator,10/1/2021,128879.11,107,5,Cajacay,Inactive
108,Cherilyn Eakly,Services,Analog Circuit Design manager,10/9/2021,110341.82,108,5,Ranong,On Leave
109,Frankie Phidgin,Marketing,Geologist IV,6/4/2020,104193.97,109,3,Villa Bustos,On Leave
110,Anallise Matteotti,Research and Development,Programmer Analyst I,9/13/2011,47383.95,110,2,Luzern,Inactive
111,Benjy Ingold,Business Development,VP Sales,7/18/2011,120118.67,111,4,Aripuanã,On Leave
112,Sunny Twells,Research and Development,Senior Developer,7/15/2016,116533.24,112,1,Ngangpo,On Leave
113,Blondelle Dillingstone,Sales,Chemical Engineer,11/27/2018,144425.48,113,1,Ojo de Agua,Active
114,Brinna Tumasian,Support,VP Marketing,2/7/2013,105042.95,114,4,Pangapisan,On Leave
115,Elliott Queyeiro,Business Development,Marketing Assistant,2/13/2006,112556.11,115,2,Banjar Pangkungkarung Kangin,On Leave
116,Jessamyn Tomkowicz,Engineering,Editor,4/13/2004,53298.29,116,2,Saint-Julien-en-Genevois,On Leave
117,Melisande Makinson,Human Resources,Civil Engineer,5/1/2019,39682.29,117,2,Tarub,On Leave
118,Saree Wood,Legal,Programmer IV,6/6/2015,108639.11,118,4,Fermoy,On Leave
119,Sebastien Stirton,Research and Development,Executive Secretary,2/25/2008,30650.52,119,2,Senj,On Leave
120,Doloritas Sheringham,Support,Automation Specialist II,10/18/2013,111000.84,120,1,Zvëzdnyy,Active
121,Jeralee Congreve,Services,Sales Associate,4/24/2015,120536.12,121,2,Rakszawa,Inactive
122,Stan Kitto,Legal,Quality Engineer,5/14/2019,84777.6,122,1,Don Chedi,Active
123,Theo Cheshir,Business Development,Pharmacist,9/2/2000,56218.19,123,1,Újezd,Active
124,Elisabetta Willoway,Engineering,Community Outreach Specialist,2/5/2011,145664.04,124,5,Sydney,Inactive
125,Butch Sebborn,Legal,Senior Financial Analyst,6/15/2011,34459.12,125,5,Milton,Inactive
126,Juliette Harradence,Support,Community Outreach Specialist,1/16/2013,51203.35,126,1,Gunungbatu,Inactive
127,Rosalynd Bealton,Services,Research Assistant I,7/17/2003,74013.64,127,3,Sigay,Active
128,Briney Naseby,Human Resources,Editor,1/25/2004,104747.79,128,1,Naḩḩālīn,Inactive
129,Finn Tattam,Marketing,Legal Assistant,9/14/2007,129115.65,129,4,Longsha,On Leave
130,Darcie Dimberline,Business Development,Operator,12/15/2007,130326.5,130,2,Skene,Inactive
131,Sally Moresby,Marketing,Dental Hygienist,9/27/2015,102993.77,131,5,Villa Alemana,On Leave
132,Delinda Dingsdale,Research and Development,Product Engineer,1/18/2018,117106.09,132,5,Borodinskiy,Inactive
133,Jody Fucher,Product Management,Database Administrator IV,9/21/2000,117064.0,133,5,Buyant,Active
134,Gallard Cashley,Human Resources,VP Accounting,8/19/2005,66790.31,134,1,Oyskhara,Active
135,Tilly Francesch,Sales,Administrative Assistant II,5/13/2004,85514.24,135,3,Poroshkovo,Active
136,Wadsworth Haskur,Accounting,Senior Developer,12/16/2000,76413.2,136,5,Longcheng,On Leave
137,Berty Emanuelli,Sales,Automation Specialist I,6/9/2005,58911.8,137,2,Ananindeua,Active
138,Jeannie Colley,Business Development,Pharmacist,1/14/2002,97245.57,138,2,Portalegre,Inactive
139,Muriel Jellico,Human Resources,Chemical Engineer,11/19/2022,101154.81,139,2,La Soledad,Active
140,Shane Parmby,Services,Product Engineer,1/8/2007,94776.97,140,3,Arnhem,Inactive
141,Rogerio Fitzhenry,Sales,Recruiter,2/13/2019,82938.86,141,5,Valkeakoski,On Leave
142,Rudyard Crummie,Sales,Design Engineer,1/23/2017,113281.73,142,1,Paris 01,Active
143,Opaline Sloss,Human Resources,Food Chemist,7/12/2012,58242.96,143,5,Log pri Brezovici,Active
144,Granville Dana,Support,Developer I,8/22/2003,65268.89,144,2,U Minh,On Leave
145,Alfonso McNaughton,Engineering,Nurse,7/14/2010,109112.61,145,3,Qili,On Leave
146,Erinn Pavolini,Research and Development,Accountant IV,5/7/2005,45114.02,146,3,Colón,Active
147,Brenden Burleton,Legal,Actuary,5/22/2001,123068.03,147,3,Ruyigi,On Leave
148,Nessi Bondar,Engineering,Food Chemist,5/16/2018,98398.02,148,3,Arai,Active
149,Corilla Middleditch,Services,Recruiter,6/4/2003,32629.7,149,2,Ludvika,Active
150,Brietta Poyser,Sales,Senior Developer,10/8/2011,94574.7,150,1,Crnilište,On Leave
151,Taddeusz Andreasson,Support,Account Representative II,7/1/2011,74076.37,151,5,Paris La Défense,On Leave
152,Alix Vidineev,Training,VP Marketing,5/16/2015,135426.7,152,5,Boucinhas,Inactive
153,Maximilianus Skala,Product Management,Software Test Engineer IV,12/31/2009,111364.07,153,3,Huacrachuco,Inactive
154,Nada Fay,Human Resources,Developer I,7/17/2022,130143.37,154,4,San Lucas,Inactive
155,Bond Partkya,Training,Nurse Practicioner,10/10/2002,146511.89,155,1,Livingstone,Active
156,Ab Polycote,Research and Development,Registered Nurse,7/27/2016,111104.81,156,2,Yanhu,Active
157,Maye Wudeland,Legal,Design Engineer,7/17/2004,39521.76,157,5,Portsmouth,Inactive
158,Helli Rubery,Business Development,Nuclear Power Engineer,12/18/2022,148451.41,158,2,Turpay,Inactive
159,Hedda Dennert,Research and Development,Recruiting Manager,6/18/2013,54498.53,159,4,Karangpao,Active
160,Gilberte Ravenscroftt,Product Management,Administrative Officer,2/16/2022,38331.69,160,3,Fílla,Inactive
161,Derrik Kerwin,Legal,Cost Accountant,1/5/2009,78478.42,161,5,Denpasar,On Leave
162,Monro Lattin,Support,Quality Control Specialist,1/9/2005,88067.03,162,3,Hitachi-Naka,On Leave
163,Manolo Culbard,Legal,Account Coordinator,7/14/2008,98073.91,163,2,Jincheng,Inactive
164,Gregoor Whitewood,Marketing,Chemical Engineer,1/4/2008,111048.15,164,1,Mulhouse,On Leave
165,Caitlin Murphy,Sales,Sales Associate,1/25/2012,136175.68,165,5,Vineuil,On Leave
166,Casper Mansuer,Training,Recruiting Manager,9/22/2004,71375.74,166,1,Easington,On Leave
167,Basilius Felder,Business Development,Staff Accountant IV,11/26/2013,121277.45,167,4,Hebei,On Leave
168,Alia Fittis,Accounting,Cost Accountant,1/6/2014,30612.28,168,1,Bail,Active
169,Courtnay Gromley,Services,Dental Hygienist,9/7/2021,111886.44,169,5,San Francisco,Inactive
170,Jessa Filipychev,Product Management,Software Engineer IV,7/21/2011,129341.57,170,3,Derjan,Inactive
171,Bink Double,Legal,Junior Executive,5/28/2022,110789.01,171,1,Merke,On Leave
172,Dulci Pridding,Marketing,Speech Pathologist,11/15/2001,94932.53,172,1,Puncakwangi,Active
173,Chucho Dumper,Marketing,Statistician III,7/29/2018,105598.19,173,2,Wangon,Inactive
174,Gilbert Scamerdine,Engineering,Senior Financial Analyst,6/22/2015,76549.03,174,5,Dhahab,On Leave
175,Lorin Robez,Human Resources,Senior Cost Accountant,8/9/2000,56177.31,175,5,Katipunan,Active
176,Herman Bainton,Human Resources,Environmental Specialist,4/5/2010,117665.31,176,3,Arjasari,Inactive
177,Ephrayim Darkins,Sales,Nurse Practicioner,11/9/2007,38415.99,177,3,Ōtawara,Inactive
178,Natalee Cramphorn,Product Management,Health Coach III,3/15/2003,65731.28,178,5,Hoi,Active
179,Dodie Weddeburn - Scrimgeour,Business Development,VP Marketing,12/12/2019,103038.25,179,2,Buriti Alegre,Inactive
180,Hulda Wheelwright,Engineering,Database Administrator IV,2/2/2012,129806.0,180,4,Budta,Inactive
181,Julee Barks,Accounting,Accounting Assistant II,8/19/2009,144714.83,181,4,Bahorí,On Leave
182,Celia Puddicombe,Engineering,Librarian,10/12/2002,33551.21,182,5,Uralo-Kavkaz,On Leave
183,Levey Hewins,Accounting,Account Executive,8/3/2012,135219.58,183,3,Padre Nabeto,Inactive
184,Orlan Denington,Accounting,Research Nurse,5/3/2018,110288.41,184,5,Piedecuesta,Active
185,Jacintha Geist,Research and Development,Human Resources Manager,1/11/2015,148230.78,185,2,Sasykoli,Inactive
186,Hollie Haynesford,Accounting,Recruiter,7/14/2009,102080.69,186,3,Chexi,On Leave
187,Durant Casine,Research and Development,Quality Control Specialist,1/7/2007,103416.42,187,2,Silongin,Inactive
188,Penny Blight,Sales,Information Systems Manager,6/21/2015,117738.82,188,2,Puolanka,On Leave
189,Mirabel Heningham,Product Management,Office Assistant II,5/16/2008,74373.11,189,3,Quintã,On Leave
190,Constancy Antrim,Accounting,Editor,2/26/2009,119265.26,190,2,Jiangmen,On Leave
191,Dinnie Jenks,Training,Professor,3/18/2009,100614.02,191,3,Cumadcad,On Leave
192,Herminia Shellard,Sales,Desktop Support Technician,2/14/2002,89297.3,192,5,Xiaogang,Inactive
193,Walsh Vyvyan,Services,Accounting Assistant II,7/16/2013,69389.19,193,5,Xiluo,Inactive
194,Elie Olivey,Support,Mechanical Systems Engineer,11/11/2018,144418.86,194,5,Eaubonne,On Leave
195,Missie Harrold,Marketing,Dental Hygienist,1/7/2016,122388.17,195,3,Sincé,Inactive
196,Gabbey Lichfield,Services,Research Assistant IV,12/11/2007,124747.78,196,2,Kampong Speu,Active
197,Chiquita Siderfin,Training,Assistant Media Planner,3/8/2015,82311.11,197,3,Jucás,Inactive
198,Spence Ovid,Marketing,GIS Technical Architect,3/29/2014,146859.98,198,4,Dadian,Inactive
199,Raynard Lismore,Research and Development,Assistant Manager,12/28/2022,72710.97,199,2,Kamalaputi,On Leave
200,Abramo Sleeford,Training,Staff Scientist,3/18/2022,72685.18,200,3,Zaokskiy,Inactive
201,Udall Hincham,Legal,Nurse Practicioner,8/20/2021,127418.6,201,1,Shuiche,Inactive
202,Elizabeth Kohler,Product Management,Civil Engineer,11/10/2003,42455.47,202,3,Tarauacá,On Leave
203,Alisha Hun,Human Resources,Recruiter,5/27/2001,44221.93,203,5,Madrid,On Leave
204,Camala Loseke,Engineering,Editor,1/25/2004,102487.7,204,5,Caigangan,Inactive
205,Noel Vannozzii,Human Resources,Senior Cost Accountant,2/10/2013,99721.61,205,4,Gonghe,Inactive
206,Glenda Tomaskunas,Marketing,Associate Professor,6/18/2014,46070.45,206,5,Fusagasuga,Active
207,Ramonda Bruffell,Product Management,Compensation Analyst,7/17/2020,45681.4,207,5,Göteborg,Active
208,Dierdre Castangia,Product Management,Account Coordinator,12/11/2014,118708.76,208,1,Till,On Leave
209,Issie Hindenburg,Engineering,Chief Design Engineer,2/25/2019,63821.63,209,5,Yujia,Inactive
210,Judye Nissle,Marketing,Senior Sales Associate,4/9/2007,96235.01,210,5,Corralillo,Inactive
211,Alonso Few,Accounting,Programmer Analyst I,9/22/2005,120066.19,211,1,Blagoevgrad,Inactive
212,Esma Berdale,Human Resources,Data Coordinator,8/14/2000,35288.97,212,4,Al Muharraq,On Leave
213,Shermie Bris,Training,Senior Quality Engineer,12/10/2007,96335.38,213,3,Dolní Čermná,Inactive
214,Valida Palfrey,Human Resources,Design Engineer,6/12/2010,41353.1,214,4,Cacoal,On Leave
215,Max Eton,Business Development,Sales Associate,2/8/2005,75743.69,215,1,Saint-Jean-de-Monts,On Leave
216,Kit Fitchet,Product Management,Pharmacist,11/3/2018,72415.32,216,4,Jiujie,Inactive
217,Hamil Boothman,Accounting,Editor,1/13/2006,93403.14,217,3,Zhanghua,On Leave
218,Loralie Ledekker,Legal,Account Representative III,4/19/2019,67422.41,218,2,Beyla,On Leave
219,Malynda Sinyard,Support,General Manager,8/21/2021,75815.82,219,1,Minle,On Leave
220,Stefa Woolmington,Services,Actuary,10/9/2019,60031.96,220,5,Huishangang,Active
221,Merill Sodor,Sales,Database Administrator IV,11/29/2018,83075.25,221,1,Fenchen,Active
222,Wat Anthon,Human Resources,Executive Secretary,8/4/2015,149724.08,222,4,Chizhou,Active
223,Nathan Mapother,Business Development,Marketing Manager,9/16/2005,43841.03,223,4,Qanliko’l,Active
224,Hortensia Purcell,Sales,Accountant III,3/12/2016,137023.13,224,1,Potongan,Inactive
225,Kellia Jouanny,Business Development,Information Systems Manager,4/15/2018,52034.0,225,5,Sosnovka,Inactive
226,Olly Yashin,Accounting,Tax Accountant,10/7/2007,115168.6,226,4,Stockholm,Active
227,Petrina Marquese,Marketing,GIS Technical Architect,6/16/2022,99784.35,227,2,Perovo,On Leave
228,Lilian Hamerton,Marketing,Paralegal,5/26/2017,114679.99,228,1,Fenlu,Inactive
229,Briney Woolway,Product Management,VP Marketing,7/5/2020,58200.08,229,5,Palanas,Active
230,Michaela Hatherall,Product Management,Technical Writer,4/11/2008,136955.41,230,1,Parakou,Active
231,Andreas Dunphy,Training,Social Worker,5/12/2011,129262.12,231,5,Kunwi,Inactive
232,Tobe Bonnefin,Support,Automation Specialist II,4/17/2002,33175.01,232,1,San Francisco de Coray,Active
233,Burlie Leehane,Legal,Project Manager,6/4/2003,79808.06,233,3,Chunmuying,Active
234,Anselm Heinert,Research and Development,VP Sales,7/12/2009,43143.54,234,5,Madīnat Ḩamad,On Leave
235,Myer Trude,Human Resources,GIS Technical Architect,2/3/2007,133216.92,235,5,Syktyvkar,Inactive
236,Desiree Sangra,Engineering,Pharmacist,5/11/2007,139124.36,236,4,Đưc Trọng,On Leave
237,Moina Cookley,Legal,Editor,9/14/2018,118571.58,237,2,Tekeli,Inactive
238,Rustie Jozsa,Legal,Research Associate,2/6/2012,96889.0,238,4,San Rafael,On Leave
239,Velma Yarr,Human Resources,Web Designer IV,5/2/2011,149786.67,239,1,Villa Lugano,On Leave
240,Hastings Ruffy,Legal,Media Manager IV,10/31/2003,60206.18,240,2,Wangjiahe,Active
241,Joly Guitel,Support,Geologist III,10/23/2010,46947.46,241,2,Padaran,Inactive
242,Noelyn Voff,Research and Development,Business Systems Development Analyst,2/3/2022,102231.73,242,2,Longra,On Leave
243,Wye Springtorpe,Legal,Office Assistant I,10/5/2009,90263.69,243,4,Tanahedang,Inactive
244,Keenan Giraudat,Sales,Assistant Professor,10/16/2009,140385.8,244,2,Sentul,Active
245,Eloisa McKeeman,Human Resources,Software Test Engineer IV,8/30/2009,71414.31,245,5,Embu,On Leave
246,Harrison Mayoh,Engineering,Health Coach III,1/13/2014,109274.82,246,2,Goris,On Leave
247,Ado Jenkins,Product Management,Quality Control Specialist,10/16/2018,140765.14,247,3,Tangdong,Active
248,Glynnis Woolnough,Product Management,VP Accounting,12/21/2013,35447.54,248,1,Santa Apolonia,Inactive
249,Abigale Sparkes,Legal,Accountant IV,11/15/2022,116422.65,249,5,Oubei,On Leave
250,Abbey Shuttleworth,Training,Assistant Manager,6/12/2004,109573.52,250,3,Betulia,On Leave
251,Vinny Adicot,Legal,Nurse,3/17/2011,94447.32,251,4,Roissy Charles-de-Gaulle,Active
252,Bennie Silmon,Marketing,Administrative Assistant I,11/3/2009,122023.21,252,4,Curuggoong,On Leave
253,Luca Gobert,Product Management,Compensation Analyst,2/13/2000,112174.5,253,4,Kanazawa-shi,On Leave
254,Xena Rissom,Marketing,GIS Technical Architect,10/10/2008,147500.28,254,2,Arendal,Inactive
255,Godfrey Bragg,Training,Quality Engineer,11/23/2007,121506.66,255,1,Yanyang,Active
256,Willard Jahns,Accounting,VP Marketing,7/16/2001,117672.29,256,1,Ar Rābiyah,On Leave
257,Ebba Foulsham,Business Development,VP Sales,9/8/2012,82500.72,257,4,Bala Murghab,Inactive
258,Darryl Ander,Business Development,Payment Adjustment Coordinator,10/25/2013,127531.42,258,5,Banyuurip,On Leave
259,Astra Rubury,Research and Development,Social Worker,1/17/2020,93743.71,259,4,Krynice,Inactive
260,Walker Maddyson,Legal,Pharmacist,1/4/2011,148175.04,260,3,Chongkan,Inactive
261,Timmy Gledhall,Accounting,Help Desk Operator,5/1/2006,75309.4,261,2,Halmstad,Inactive
262,Crichton Segar,Engineering,Product Engineer,12/14/2009,120224.27,262,1,Örebro,On Leave
263,Aidan Blowers,Business Development,Safety Technician III,7/27/2014,87038.08,263,5,Providence,On Leave
264,Ryon Willsmore,Legal,Accountant I,2/26/2017,49121.27,264,4,Tagta,Active
265,Chas Pollicote,Human Resources,Social Worker,2/23/2009,71871.29,265,5,Sanjiang,On Leave
266,Laurence Berrie,Sales,Design Engineer,12/11/2019,39286.1,266,4,Velikiy Ustyug,Active
267,Susi McIlmurray,Product Management,VP Accounting,3/2/2013,141082.83,267,5,Carepa,Inactive
268,Alicia Sjostrom,Marketing,Programmer Analyst III,11/1/2010,104497.3,268,3,Hadabei,Active
269,Laurena Reinisch,Human Resources,Research Assistant IV,7/4/2001,49627.43,269,3,La Foa,Inactive
270,Jaye Kewish,Marketing,Project Manager,1/16/2003,90117.26,270,2,Tiecun,Inactive
271,Amara Markey,Product Management,Systems Administrator III,4/15/2022,45328.14,271,2,Zhutuo,On Leave
272,Carmine O'Connor,Accounting,VP Product Management,6/29/2012,73842.15,272,5,Kouvarás,Active
273,Dulcinea Morton,Support,Nurse,10/25/2015,111384.93,273,2,Vale das Mós,Inactive
274,Cletis Hallewell,Services,Librarian,3/26/2018,127613.12,274,4,Weekombaka,Inactive
275,Quentin Draye,Engineering,Technical Writer,1/11/2017,40009.65,275,1,Sumber Tengah,Inactive
276,Hammad Blaine,Services,Analog Circuit Design manager,11/3/2021,145155.39,276,4,Rio Piracicaba,Active
277,Pammy Avrahamy,Product Management,Desktop Support Technician,7/15/2001,98026.26,277,1,Alamar,Inactive
278,Lillis Paling,Accounting,Systems Administrator II,10/30/2015,32432.25,278,5,Denver,Inactive
279,Alvira Cassidy,Product Management,Design Engineer,8/10/2011,53552.14,279,5,Cibalung,Active
280,Sigfried Coarser,Support,Account Coordinator,1/23/2019,116904.6,280,4,Brest,Active
281,Trent Qualtrough,Engineering,Financial Advisor,3/1/2014,135607.59,281,3,Dougang,Inactive
282,Lindsey Laverick,Product Management,Web Designer I,7/1/2016,62046.16,282,2,Gunungbatu,On Leave
283,Dianemarie Pyke,Research and Development,Senior Editor,11/10/2017,132922.88,283,5,Qaram Qōl,Active
284,Amandi Tolumello,Training,Human Resources Assistant III,11/20/2006,87127.17,284,4,Brusy,Active
285,Orton Donan,Sales,Dental Hygienist,3/18/2016,103347.54,285,5,Hekou,On Leave
286,Tyrus Petroselli,Marketing,Junior Executive,6/17/2022,126089.17,286,1,Valsamáta,Active
287,Joey Naul,Training,Paralegal,3/19/2002,93094.76,287,4,Pedra Furada,Active
288,Ashby Northway,Training,Data Coordinator,3/7/2006,45370.56,288,5,Krasne,Active
289,Cristina Mosedill,Research and Development,Information Systems Manager,6/27/2017,57120.68,289,4,Alcáçovas,Active
290,Jard Murty,Product Management,Programmer Analyst IV,6/26/2009,59380.46,290,3,Lere,Inactive
291,Farley Lestor,Human Resources,Web Developer IV,8/8/2015,90233.97,291,3,Sophia Antipolis,Inactive
292,Barde Ends,Marketing,Quality Control Specialist,12/27/2013,138509.84,292,5,El Cubolero,Active
293,Albertine Giblett,Services,Help Desk Technician,12/26/2016,118851.52,293,4,Palkovice,Inactive
294,Brande Phidgin,Support,Operator,2/10/2017,83068.59,294,1,Fantan,Inactive
295,Roxanne Itzchaky,Human Resources,Community Outreach Specialist,7/9/2005,48519.97,295,2,Tiraspol,Active
296,Sheree Knyvett,Sales,Engineer IV,8/1/2017,34815.24,296,1,Fiães,Inactive
297,Fraze Schneidau,Legal,Cost Accountant,3/1/2001,34367.92,297,1,Atami,Active
298,Gabriellia Horsfield,Accounting,Food Chemist,3/1/2002,119231.73,298,4,Leśnica,Active
299,Arabella Aasaf,Engineering,Electrical Engineer,8/11/2006,70492.86,299,5,Tupambaé,Active
300,Reba Loukes,Research and Development,Mechanical Systems Engineer,12/14/2012,33227.1,300,2,Hutou,Active
301,Elias Albrook,Business Development,Registered Nurse,9/19/2004,50668.48,301,4,Kamárai,Active
302,Gardie Albury,Training,Engineer IV,10/4/2008,75962.15,302,2,Blois,Active
303,Sharai Godfrey,Research and Development,Web Designer I,6/29/2015,91669.74,303,3,Krasnyy Luch,On Leave
304,Merrill Brinkworth,Human Resources,Senior Cost Accountant,8/2/2007,66503.54,304,1,Susanino,On Leave
305,Gradeigh MacCorkell,Support,Occupational Therapist,10/10/2007,145865.03,305,1,Pingyao,Inactive
306,Blair Hellier,Product Management,Environmental Tech,4/10/2014,41835.82,306,1,Sulahan,Active
307,Samantha Spon,Sales,Tax Accountant,8/2/2000,70772.12,307,2,Binlod,On Leave
308,Wye Valiant,Support,Director of Sales,2/10/2020,104107.35,308,3,Disūq,On Leave
309,Terrijo Ditter,Support,Legal Assistant,1/13/2016,53045.02,309,3,Napnapan,On Leave
310,Tracy Cavnor,Accounting,Account Representative II,12/26/2020,69987.65,310,2,Allen,On Leave
311,Emmie Dee,Sales,Help Desk Technician,3/13/2015,65837.5,311,3,Gantang,Active
312,Brenna Bleazard,Engineering,Automation Specialist IV,10/24/2018,135391.58,312,5,Dongsheng,On Leave
313,Rivkah Hancill,Business Development,Account Representative I,2/27/2011,87309.03,313,4,Zhaojia,On Leave
314,Genovera Chetwin,Training,Geological Engineer,3/1/2018,114279.55,314,1,Kinango,Inactive
315,Tedie Wynett,Legal,Senior Cost Accountant,12/18/2020,40874.65,315,4,Houston,Active
316,Humberto Stevens,Marketing,Physical Therapy Assistant,8/6/2013,143684.2,316,3,Nürnberg,Active
317,Mira Rickard,Accounting,Cost Accountant,9/10/2018,104155.39,317,2,Fengxian,Inactive
318,Curtis Guidoni,Business Development,Recruiting Manager,1/6/2014,142452.94,318,2,Coaraci,Active
319,Aland Rexworthy,Services,Computer Systems Analyst I,4/27/2000,133340.22,319,1,Saint John,Active
320,Rici Hassur,Business Development,Physical Therapy Assistant,4/7/2006,127465.56,320,1,Antipolo,Active
321,Rocky Snasdell,Business Development,Computer Systems Analyst I,10/7/2005,143863.21,321,2,Guniushan,Inactive
322,Jami Meharg,Product Management,VP Product Management,4/20/2001,85530.96,322,4,Dikirnis,Active
323,Manda Blenkharn,Legal,Structural Engineer,6/25/2003,52088.97,323,3,Corral de Bustos,Active
324,Shana While,Product Management,Product Engineer,12/11/2005,86619.52,324,5,Khon San,Inactive
325,Chlo Caplis,Human Resources,Graphic Designer,2/27/2004,58001.52,325,2,Santo Tomas,Inactive
326,Ivie Attaway,Marketing,Technical Writer,1/13/2012,55668.25,326,4,Nansan,Inactive
327,Filippo McKeran,Accounting,Quality Engineer,3/24/2021,74878.35,327,2,T’azagyugh,Inactive
328,Gwenneth Coupar,Business Development,Accounting Assistant I,5/5/2007,144666.96,328,2,Orangeville,Active
329,Pate Vogelein,Product Management,Financial Analyst,8/30/2003,54218.5,329,2,De la Paz,Active
330,Kennedy Higford,Accounting,Programmer IV,1/12/2003,84583.11,330,4,Gosë e Madhe,Active
331,Teddy Capehorn,Support,Account Executive,9/6/2002,31542.1,331,3,Shuidong,Inactive
332,Ninetta Elcom,Legal,Physical Therapy Assistant,4/1/2019,63530.61,332,1,Yuewan,Active
333,Kingsly Burkart,Business Development,Human Resources Manager,10/14/2007,137629.25,333,2,Dŭstí,Active
334,Raff Stathers,Legal,Analog Circuit Design manager,3/30/2020,44672.51,334,4,Hatavch,Inactive
335,Kathy Palke,Training,GIS Technical Architect,5/27/2010,113005.44,335,1,Mörrum,Inactive
336,Temp Ramsey,Legal,Dental Hygienist,2/23/2017,82308.2,336,3,‘Alī al Gharbī,Active
337,Krystle Hassey,Legal,Chemical Engineer,8/31/2016,99076.91,337,3,Kota Kinabalu,Inactive
338,Kylynn Grayland,Sales,Director of Sales,2/3/2008,95239.6,338,2,Aksu,Active
339,Andre Elmhurst,Engineering,Accounting Assistant III,4/1/2005,67487.04,339,1,Jardín América,On Leave
340,Massimiliano Darnborough,Support,Sales Associate,3/18/2004,65291.37,340,1,Warin Chamrap,On Leave
341,Camila Archell,Engineering,General Manager,11/18/2017,107293.38,341,2,Vary,Active
342,Sterne Michin,Research and Development,Internal Auditor,10/30/2016,65740.22,342,4,Luoshan,On Leave
343,Edwina Kenworthy,Training,VP Product Management,3/17/2022,68488.11,343,3,Lisui,Active
344,Ericha Axup,Accounting,Librarian,3/22/2010,131635.65,344,1,Irará,On Leave
345,Lurlene Pindar,Research and Development,Account Executive,11/29/2000,45740.98,345,5,Kyriáki,Active
346,Jenica Collis,Product Management,Marketing Manager,9/18/2002,126506.44,346,4,Hengtang,Inactive
347,Aida Cully,Marketing,Executive Secretary,10/21/2004,92818.38,347,3,Syrskoye,Inactive
348,Bernadene Grinaway,Human Resources,Help Desk Technician,11/4/2011,45608.82,348,5,Chernelytsya,Active
349,Marjorie Liverseege,Services,Data Coordinator,5/24/2009,136488.55,349,5,Albuera,Inactive
350,Lauryn Follen,Research and Development,Senior Editor,10/24/2005,141673.47,350,5,Jatake,Inactive
351,Gil Howels,Human Resources,Occupational Therapist,7/22/2003,59439.53,351,3,Douala,On Leave
352,Filmore Laybourn,Research and Development,Administrative Officer,2/2/2002,32275.77,352,5,David,Inactive
353,Chrissy Manston,Product Management,Nurse Practicioner,5/15/2008,38494.71,353,5,Bawshar,Inactive
354,Ambros Frosdick,Product Management,VP Product Management,1/12/2003,48567.88,354,5,Tver,Inactive
355,Kylie Bickley,Accounting,Web Developer I,11/16/2009,71716.32,355,3,Ortega,Active
356,Sammie Giannazzi,Marketing,VP Sales,1/4/2002,101331.62,356,2,Cabaritan East,On Leave
357,Lorrayne Dixcee,Support,Project Manager,12/20/2008,65067.07,357,3,Balucuc,Active
358,Josee Jedrachowicz,Support,Data Coordinator,1/30/2003,133743.98,358,2,Galtek,On Leave
359,Carissa Cotherill,Research and Development,Help Desk Operator,1/20/2016,113495.35,359,3,Miranda,Inactive
360,Kerrill Sigsworth,Legal,Staff Accountant III,5/10/2012,33920.37,360,3,Az Zuwaytīnah,Inactive
361,Joleen Sokill,Training,Registered Nurse,11/21/2015,94071.14,361,4,Vila Real de Santo António,On Leave
362,Kristian Stoving,Support,Programmer IV,4/28/2021,83057.64,362,5,Brunflo,Active
363,Isaak Bloodworth,Product Management,Analog Circuit Design manager,11/12/2018,131610.88,363,3,Kwidzyn,Inactive
364,Emmaline Jaspar,Engineering,Statistician I,11/27/2015,127130.59,364,2,Tindog,On Leave
365,Tomasina Grasner,Engineering,Media Manager III,9/11/2008,141178.59,365,2,Tambaksari,Inactive
366,Jeno Binney,Sales,Financial Advisor,1/19/2004,105392.3,366,4,Mönsterås,Inactive
367,Jarad Hancell,Product Management,Data Coordinator,12/7/2009,35555.5,367,3,Chowki Jamali,Inactive
368,Druci Tranfield,Marketing,Librarian,3/5/2010,106357.52,368,4,Donskoye,On Leave
369,Nahum Spelman,Services,Quality Engineer,3/4/2014,41609.05,369,4,Kalipucang,Active
370,Wheeler Borthwick,Marketing,Cost Accountant,6/30/2009,104036.84,370,4,Weicheng,Active
371,Maryanna Cockayne,Legal,Product Engineer,7/30/2004,148558.7,371,4,Gorzyczki,Active
372,Monty Ummfrey,Human Resources,Tax Accountant,12/27/2009,51290.52,372,5,Prosperous,Inactive
373,Menard Ganforthe,Human Resources,VP Marketing,1/18/2003,128985.31,373,5,Hassi Berkane,Inactive
374,Vin Blood,Services,Recruiting Manager,7/24/2016,44865.26,374,5,Trondheim,Inactive
375,Jodie Beauvais,Marketing,Assistant Professor,10/21/2000,42213.2,375,5,Siaya,Active
376,Selinda Seares,Sales,Staff Scientist,11/28/2013,44183.19,376,2,Chengbei,On Leave
377,Arlin Dominichelli,Business Development,Human Resources Manager,12/17/2018,42170.55,377,3,Moroni,Active
378,Lorrin Larderot,Legal,Help Desk Technician,4/29/2021,85392.46,378,4,San Felipe Old,Inactive
379,Beauregard Brigginshaw,Marketing,Computer Systems Analyst II,8/8/2015,140734.09,379,1,Le Lamentin,Active
380,Linc Mulvenna,Legal,Analyst Programmer,10/22/2017,85985.16,380,1,Koltubanovskiy,Active
381,Vitoria Brydie,Accounting,Systems Administrator IV,2/4/2007,75363.61,381,2,Bromma,Inactive
382,Adelind Liveley,Marketing,Sales Representative,12/16/2020,76216.76,382,1,Mislīyah,On Leave
383,Viva Carette,Human Resources,Executive Secretary,11/2/2000,89869.98,383,1,Uppsala,Inactive
384,Olav Domenicone,Business Development,Biostatistician IV,9/14/2007,47495.91,384,1,Sułkowice,On Leave
385,Mead Kinghorne,Business Development,Budget/Accounting Analyst I,11/28/2022,147441.59,385,1,La Sierpe,Inactive
386,Karena Branno,Engineering,Staff Scientist,1/16/2021,131917.08,386,5,Acarigua,Active
387,Barnett Maso,Legal,Quality Engineer,10/9/2009,84266.54,387,1,Bellavista,Active
388,Lesley Swinnerton,Research and Development,VP Accounting,6/10/2018,81083.08,388,3,Sukacai,Active
389,Franky Bowle,Training,Staff Scientist,1/10/2002,85289.27,389,3,Nagrumbuan,Active
390,Perrine Balmadier,Accounting,Accounting Assistant IV,11/1/2005,123733.6,390,3,Valladolid,Active
391,Emlyn Danilewicz,Business Development,Product Engineer,4/11/2004,40034.06,391,2,Al Burayqah,Active
392,Fredrick MacMillan,Support,Health Coach I,4/2/2005,107672.17,392,1,Kariya,Inactive
393,Gasper Lowson,Research and Development,Social Worker,7/2/2018,50329.67,393,2,Loja,Active
394,Margareta Cicculini,Training,Health Coach III,2/1/2010,57068.61,394,2,Weixin,On Leave
395,Vally Wooffitt,Legal,Business Systems Development Analyst,7/14/2009,114402.23,395,4,Carvoeira,Inactive
396,Nariko Casino,Sales,Community Outreach Specialist,5/23/2010,66923.56,396,1,Åkersberga,Active
397,Marlena Kalisch,Sales,Recruiter,2/10/2003,133078.14,397,2,Chinú,On Leave
398,Tarrah Nafziger,Marketing,Staff Accountant III,7/23/2000,130771.38,398,3,Västerås,Inactive
399,Trumann Marchment,Research and Development,Pharmacist,4/7/2013,36475.99,399,2,Paris 12,Active
400,Bruis Mapother,Research and Development,Speech Pathologist,2/20/2014,91650.16,400,4,Naḩḩālīn,Inactive
401,Emmanuel Cornford,Business Development,Registered Nurse,4/11/2021,124554.53,401,2,Banjar Buahan,Inactive
402,Jean Holbarrow,Support,Analyst Programmer,1/17/2022,59687.83,402,4,Kowala,Active
403,Kaylee Valois,Product Management,Environmental Tech,6/13/2020,108313.22,403,3,Taibai,Active
404,Ly McParlin,Business Development,Dental Hygienist,11/10/2008,126383.21,404,3,Kashiwazaki,On Leave
405,Maisey Seacroft,Engineering,Research Assistant I,6/7/2019,67033.67,405,4,Padova,Inactive
406,Dunn Trenbey,Business Development,Quality Engineer,8/25/2003,63856.8,406,4,Vila Chã de Ourique,On Leave
407,Sarita Caplen,Human Resources,Assistant Media Planner,3/14/2005,102688.84,407,3,Osório,Inactive
408,Jasen Goodboddy,Marketing,Professor,2/28/2022,64919.32,408,4,Jingchuan,On Leave
409,Lusa Worswick,Marketing,Electrical Engineer,2/19/2006,127563.73,409,1,Ban Phan Don,On Leave
410,Mathe Trent,Services,Professor,9/22/2004,64305.17,410,5,Uherské Hradiště,On Leave
411,Keefe Pauleau,Research and Development,Account Coordinator,11/6/2012,95949.45,411,4,Portoviejo,Inactive
412,Darleen Farrow,Research and Development,Assistant Professor,1/1/2012,74918.55,412,5,Alvesta,Inactive
413,Nathalia Realph,Legal,Environmental Specialist,6/29/2001,70782.04,413,5,Ocala,On Leave
414,Dennie Crowdson,Human Resources,Geologist II,11/20/2002,124789.22,414,2,Wenquan,On Leave
415,Pip Osgerby,Services,VP Product Management,10/1/2018,31786.76,415,3,Dijon,Active
416,Dasi Altham,Human Resources,Administrative Officer,9/18/2007,100981.35,416,4,Kapatagan,On Leave
417,Izak Walpole,Services,Tax Accountant,4/10/2010,57182.09,417,5,Pelabuhan Dagang,Active
418,Clevie Mannie,Engineering,Business Systems Development Analyst,12/14/2003,39486.9,418,2,Bogotá,Inactive
419,Hilary Kerton,Human Resources,Assistant Manager,4/28/2017,92563.95,419,2,Ceará Mirim,On Leave
420,Kayle Maxstead,Research and Development,Automation Specialist I,9/1/2020,90354.46,420,3,Koreiz,Active
421,Lottie Dun,Product Management,Financial Analyst,7/12/2016,129246.08,421,2,Nanjin,Active
422,Erin Heakey,Legal,Assistant Media Planner,2/4/2012,80928.32,422,3,Lanjaghbyur,On Leave
423,Oona Schiell,Support,Paralegal,2/15/2013,88790.31,423,5,Butou,On Leave
424,Paige Gowry,Engineering,Project Manager,10/17/2014,124263.4,424,2,Ciburial,On Leave
425,Claudetta Heineke,Research and Development,Nurse Practicioner,12/11/2008,39402.09,425,5,Santa Lucia,On Leave
426,Isidoro O'Daly,Sales,Design Engineer,4/2/2021,44469.71,426,2,San Cristobal,Inactive
427,Liana Toghill,Services,Legal Assistant,5/3/2015,64223.68,427,2,Lijia,Inactive
428,Peggy Slessar,Accounting,Food Chemist,7/23/2014,78525.97,428,4,Mantingantengah,On Leave
429,Davis Bricksey,Research and Development,Community Outreach Specialist,10/13/2010,145658.7,429,3,Nyköping,Inactive
430,Stevie Bridgwood,Legal,Systems Administrator IV,2/14/2012,52858.38,430,5,Cibingbin,Active
431,Flss Croasdale,Product Management,Marketing Manager,1/27/2015,50324.67,431,2,Sanjiangkou,Active
432,Torre Loffhead,Sales,Accountant II,3/20/2005,139924.67,432,1,Mingshan,Inactive
433,Chad Goodhand,Human Resources,Research Associate,4/29/2005,38719.79,433,3,Sungaimaja,Inactive
434,Minette Tocher,Services,Web Developer III,11/25/2020,117317.51,434,1,Luleå,Active
435,Caril Thoumasson,Sales,Financial Analyst,4/19/2012,93860.72,435,4,Lianzhou,Active
436,Lynde Warkup,Sales,Tax Accountant,4/18/2011,64609.22,436,2,Embu,On Leave
437,Gaelan McCraw,Legal,Accountant II,9/20/2018,91218.73,437,1,Yekaterinovka,Inactive
438,Elmer Booton,Support,Programmer I,11/19/2014,121805.1,438,3,Gebang,Inactive
439,Ruth Leivers,Human Resources,Data Coordinator,12/29/2017,120381.25,439,2,Shanglu,Active
440,Carlina Mithan,Support,Systems Administrator I,2/9/2013,98611.19,440,2,Heshang,On Leave
441,Brett Timewell,Engineering,Analog Circuit Design manager,5/9/2008,81817.05,441,1,Jisegumen,Active
442,Jard Gregoratti,Research and Development,Quality Control Specialist,8/26/2021,133475.24,442,2,San Teodoro,On Leave
443,Katha Skatcher,Support,Programmer I,11/2/2014,35098.58,443,3,Posse,Active
444,Garfield Blueman,Business Development,Automation Specialist III,2/16/2011,83523.31,444,2,Grojec,On Leave
445,Brig Colwell,Research and Development,Product Engineer,8/29/2009,54516.29,445,5,Tsuruga,Active
446,Loree Amphlett,Engineering,Administrative Assistant II,3/22/2019,54741.83,446,1,Damaturu,On Leave
447,Giustina Bidnall,Accounting,Design Engineer,6/16/2012,134879.34,447,2,Houston,Active
448,Jacquie Aggus,Research and Development,Help Desk Technician,3/19/2006,104845.87,448,5,Ning’er,Inactive
449,Chrystel Koppes,Business Development,Administrative Assistant I,7/2/2014,112058.35,449,3,La Francia,Active
450,Matthiew Rispen,Services,Speech Pathologist,3/17/2000,122692.1,450,3,Lajinha,Active
451,Nate Colegate,Sales,Media Manager I,10/3/2010,112794.85,451,3,Ábidos,On Leave
452,Coral Gilbane,Accounting,Geological Engineer,11/26/2006,76451.76,452,4,Jiangqiao,Active
453,Gordon Priestnall,Services,Financial Analyst,9/18/2006,83252.35,453,2,Zhendong,Active
454,Susan Insole,Product Management,Sales Associate,7/31/2018,143537.93,454,1,Sumbergedong,Inactive
455,Alyce Dillingstone,Business Development,Business Systems Development Analyst,6/24/2009,107076.27,455,3,Lewo,Inactive
456,Laverne Moodycliffe,Marketing,Human Resources Assistant IV,6/12/2002,126389.81,456,5,Gangshangji,Inactive
457,Marlane Lagne,Accounting,Software Test Engineer IV,2/8/2019,121294.55,457,1,Quimilí,Active
458,Ricki Singleton,Marketing,Systems Administrator I,4/29/2010,51119.88,458,4,Ban Houayxay,Inactive
459,Benn Vasin,Research and Development,Social Worker,3/4/2000,131216.89,459,3,Biting,On Leave
460,Skip Yallowley,Engineering,Physical Therapy Assistant,3/15/2005,35441.9,460,3,Planovskoye,Inactive
461,Phil MacGall,Legal,Financial Advisor,12/4/2009,108518.38,461,5,San Jacinto,Active
462,Finley Jeandin,Engineering,Senior Editor,10/23/2015,67180.63,462,3,Södertälje,Inactive
463,Kendra Scriviner,Engineering,Pharmacist,12/28/2019,141890.08,463,2,Sohag,On Leave
464,Corney Scuse,Accounting,Structural Analysis Engineer,12/23/2001,65746.71,464,5,Huacao,Inactive
465,Addy Bulch,Sales,Legal Assistant,1/23/2019,141117.67,465,5,Horní Suchá,Active
466,Zacherie Fowden,Human Resources,Geologist IV,12/14/2018,78790.25,466,4,Benito Juarez,Inactive
467,Florida Huggill,Accounting,Speech Pathologist,8/9/2013,63596.14,467,1,Vitrolles,On Leave
468,Chelsy Ferrotti,Legal,Sales Representative,7/26/2001,80766.06,468,1,Gapan,On Leave
469,Elita Garlant,Marketing,Marketing Assistant,9/8/2022,149233.73,469,1,Al Ḩammāmāt,Active
470,Frasier Tolerton,Product Management,Actuary,1/17/2017,42315.95,470,4,Karangora,Active
471,Emelda Dwelley,Marketing,Research Assistant III,10/15/2008,70151.43,471,5,Xuhui,On Leave
472,Karel Machans,Research and Development,Pharmacist,3/20/2006,76923.21,472,4,Ponta da Garça,Active
473,Rivy Bilton,Engineering,Payment Adjustment Coordinator,11/26/2002,90095.73,473,1,San Martín de los Andes,Active
474,Justis MacDearmid,Engineering,Office Assistant II,10/15/2021,145133.01,474,3,Hengbanqiao,Inactive
475,Heath Trundell,Services,Senior Financial Analyst,4/27/2008,123157.65,475,5,Yongfeng,Inactive
476,Naoma Markey,Support,Geologist III,3/11/2020,63156.51,476,3,Parthenay,On Leave
477,Augusto Farmer,Product Management,Analog Circuit Design manager,1/16/2019,127568.61,477,3,Xicun,Inactive
478,Abel Northcliffe,Engineering,Physical Therapy Assistant,4/21/2001,41718.88,478,4,Gobernador Ingeniero Valentín Virasoro,On Leave
479,Wyatan Duckham,Business Development,Librarian,9/2/2005,89026.6,479,2,Mnelalete,Inactive
480,Andi Devigne,Business Development,Database Administrator I,5/6/2016,144270.7,480,1,Boston,On Leave
481,Noel Collin,Research and Development,Web Developer II,2/27/2000,86070.87,481,1,Taiping,On Leave
482,Alonzo Gapper,Marketing,Environmental Tech,2/20/2022,139887.05,482,2,Shahe,Inactive
483,Almeta Davydochkin,Business Development,Operator,12/23/2010,97047.85,483,2,Ainaži,On Leave
484,Luther Dottrell,Training,Legal Assistant,10/3/2014,130067.01,484,5,Shazhenxi,Inactive
485,Sunny Jahner,Sales,Systems Administrator II,12/12/2006,32033.17,485,1,Sakon Nakhon,On Leave
486,Garry Stetson,Engineering,Programmer III,6/27/2017,87053.25,486,4,Las Vegas,On Leave
487,Nara Iannetti,Research and Development,Junior Executive,3/18/2000,113189.9,487,1,Bolikhan,Inactive
488,Devonne Presshaugh,Business Development,Senior Quality Engineer,12/6/2007,83899.41,488,2,Bakau,Inactive
489,Garv Dorkins,Human Resources,Payment Adjustment Coordinator,12/31/2007,110317.25,489,5,Conima,Active
490,Roobbie Bruckmann,Engineering,Geologist I,11/19/2020,111856.3,490,5,Övertorneå,Inactive
491,Craggy Lomond,Product Management,Software Test Engineer II,11/18/2005,139630.94,491,4,Seaton,On Leave
492,Zacherie Besse,Research and Development,VP Quality Control,8/8/2022,105852.06,492,1,Kristiansand S,Inactive
493,Reinhold Hair,Human Resources,Senior Cost Accountant,8/24/2021,72457.81,493,1,Phichit,Inactive
494,Pasquale Cliburn,Business Development,Registered Nurse,7/27/2005,79284.53,494,4,Huangge,Inactive
495,Ripley Haugen,Sales,Software Consultant,1/3/2019,83956.63,495,3,Nierumai,On Leave
496,Putnam Vernall,Product Management,Help Desk Operator,4/20/2007,128854.24,496,1,Ashton,Inactive
497,Thedrick Ropkins,Human Resources,Food Chemist,11/27/2020,144984.48,497,1,Ţayyibat al Imām,Active
498,Angelique Loudon,Services,Accounting Assistant III,10/13/2017,46121.23,498,2,Bettendorf,On Leave
499,Hannah Cookman,Sales,Design Engineer,3/1/2010,42459.83,499,1,Dianqian,Active
500,Gwennie Ducaen,Legal,Legal Assistant,10/1/2014,75540.08,500,5,La’ershan,Inactive
501,Maxy Tuffrey,Services,Human Resources Manager,9/19/2015,132793.28,501,1,Kentau,Active
502,Shayla Karby,Engineering,Recruiting Manager,5/1/2019,92623.96,502,2,Dengjiang,On Leave
503,Niels Archibald,Marketing,Food Chemist,7/26/2011,96395.49,503,4,Umuahia,On Leave
504,Omar Barbosa,Training,Computer Systems Analyst I,2/19/2000,34068.02,504,3,Şūr,On Leave
505,Torrence Tansill,Accounting,Database Administrator II,8/28/2007,63390.57,505,1,Berck,Active
506,Sherilyn Spurway,Sales,Accounting Assistant III,8/7/2016,88816.72,506,3,Alenquer,Active
507,Jacquenetta Coneybeare,Legal,Safety Technician I,7/4/2011,79419.6,507,1,Buíque,Active
508,Jayme Tedorenko,Research and Development,Food Chemist,4/29/2020,95308.53,508,2,Dairiti,On Leave
509,Bearnard Haselden,Engineering,Paralegal,8/16/2012,47261.13,509,3,Chimbas,Inactive
510,Delmer Messruther,Human Resources,Product Engineer,10/5/2021,55394.77,510,3,Padas,Active
511,Coralie Roft,Accounting,Physical Therapy Assistant,12/1/2010,84937.45,511,1,Cheongpyeong,Active
512,Chloe Hugill,Services,Electrical Engineer,2/18/2004,42889.84,512,2,Cambebba,Active
513,Humfried Edgeon,Legal,VP Marketing,5/17/2011,98307.81,513,2,Moglicë,Inactive
514,Novelia Gilkison,Legal,Automation Specialist IV,10/6/2003,36663.85,514,4,Morales,Active
515,Aluino Haslen,Engineering,Quality Control Specialist,4/17/2001,63672.79,515,1,Abang,On Leave
516,Titos Augur,Accounting,Engineer III,3/1/2005,116786.52,516,1,Lawa-an,Inactive
517,Portie Franzotto,Engineering,Computer Systems Analyst IV,6/2/2004,76505.68,517,1,Lubukalung,Active
518,Holly D'Aguanno,Product Management,Actuary,10/13/2015,115570.57,518,1,Fada N'gourma,On Leave
519,Demetrius Shewry,Business Development,Programmer III,10/15/2021,102761.42,519,4,Huangchen,Inactive
520,Fannie Grossier,Accounting,Executive Secretary,9/20/2010,95785.81,520,3,Ellös,Inactive
521,Weston Le Cornu,Human Resources,Tax Accountant,3/8/2020,35218.49,521,1,Wantan,Active
522,Alfredo Summerson,Engineering,Geologist I,7/12/2010,126852.86,522,3,Xiaojia,Active
523,Harley Aymes,Sales,Librarian,6/30/2021,107988.08,523,3,Garden Grove,Active
524,Berne Maffezzoli,Support,Senior Editor,4/11/2011,119562.11,524,3,Kushnarënkovo,On Leave
525,Elinor Coleby,Marketing,Marketing Assistant,11/19/2021,66422.59,525,3,Hennenman,On Leave
526,Ulla Ortler,Business Development,Registered Nurse,6/4/2019,55536.89,526,4,Pasirreungit,Inactive
527,Sherrie Le Grove,Human Resources,Web Designer IV,12/7/2010,119945.5,527,3,Ladner,On Leave
528,Elvina Sergeant,Legal,Product Engineer,12/6/2022,105882.88,528,4,Finzes,Active
529,Petronia Jakubovicz,Training,VP Quality Control,11/11/2015,72932.78,529,1,Ningyuan,Inactive
530,Blanca Thornber,Research and Development,Financial Advisor,5/3/2011,126053.73,530,2,Koufália,Active
531,Gerome O'Feeney,Support,Software Test Engineer IV,1/12/2010,97868.93,531,5,Fangzheng,Inactive
532,Briano Dumphry,Marketing,Account Coordinator,12/26/2001,121323.39,532,5,Chon Buri,On Leave
533,Chase Bartholat,Accounting,Staff Scientist,11/16/2002,126451.78,533,5,Qijiazuo,Inactive
534,Joane Norgan,Services,Operator,3/20/2021,81524.65,534,2,Bangan-Oda,Active
535,Vinnie Featenby,Sales,Business Systems Development Analyst,8/17/2001,87918.23,535,3,Gerong,On Leave
536,Editha Sparshott,Support,Geologist I,7/14/2013,31558.69,536,4,Ankola,On Leave
537,Ibrahim Artis,Research and Development,Software Engineer I,3/25/2015,79886.4,537,4,Digdig,Inactive
538,Linet Warner,Product Management,Recruiting Manager,3/17/2020,83205.36,538,1,Likasi,On Leave
539,Ricki Novak,Services,VP Marketing,1/6/2008,103197.69,539,5,Köping,On Leave
540,Clementia Jakubovski,Marketing,Senior Developer,3/9/2021,102368.8,540,5,Ash Shaykh ‘Uthmān,On Leave
541,Tobey Booij,Legal,Legal Assistant,3/18/2010,57007.6,541,4,La Sabana,On Leave
542,Angela Dilger,Marketing,VP Marketing,4/22/2008,77369.12,542,2,Prakhon Chai,Inactive
543,Gunner Perulli,Training,Executive Secretary,3/10/2010,60610.19,543,5,Rokytne,Active
544,Sidney Riply,Sales,Information Systems Manager,7/5/2007,146146.87,544,4,Luoshe,Inactive
545,Eleanore Renhard,Product Management,Operator,11/27/2011,83155.75,545,2,Mathakola,Inactive
546,Marylin Elington,Business Development,Operator,5/31/2017,119173.54,546,1,Västerhaninge,On Leave
547,Joanne Rainsden,Research and Development,Senior Quality Engineer,12/15/2007,76996.09,547,5,Dorval,Inactive
548,Avrom Jankovic,Marketing,Information Systems Manager,6/18/2005,84005.84,548,4,Krasnomayskiy,Inactive
549,Cathee Ghost,Marketing,Safety Technician II,1/19/2009,100767.17,549,4,Datuan,Inactive
550,Pat Cuddihy,Support,Sales Representative,2/2/2011,84672.42,550,3,Chyňava,On Leave
551,Sanders Mordon,Business Development,Payment Adjustment Coordinator,3/13/2012,136444.95,551,2,Skillingaryd,Active
552,Christan Pratten,Training,Project Manager,10/13/2002,134247.82,552,3,Piątnica,On Leave
553,Timothea Orgen,Human Resources,Senior Quality Engineer,11/19/2019,65149.9,553,5,Mbale,On Leave
554,Olympie Arrington,Marketing,Legal Assistant,6/14/2003,87822.82,554,4,Tamahú,Inactive
555,Doralin Fullicks,Legal,Senior Cost Accountant,1/22/2000,78915.22,555,3,Marseille,Active
556,Michael Baudichon,Human Resources,Chemical Engineer,11/4/2019,51743.28,556,2,Digos,Inactive
557,Adeline Hamblin,Support,Quality Engineer,8/14/2022,66348.9,557,3,Mamonovo,Inactive
558,Pammie Suttill,Human Resources,Electrical Engineer,1/25/2019,66728.99,558,4,Laojieji,Active
559,Giraldo Starrs,Support,Librarian,12/1/2021,51464.76,559,3,Ficksburg,Inactive
560,Sharla Townshend,Product Management,Financial Advisor,5/15/2005,62089.09,560,5,Dodol,Inactive
561,Myrta Overbury,Sales,Research Nurse,1/26/2004,34360.87,561,2,Nîmes,Inactive
562,Heath Chilles,Research and Development,Financial Advisor,7/27/2014,60318.79,562,5,Ban Chang,Active
563,Irena Paulmann,Training,Legal Assistant,7/22/2016,111181.19,563,3,Bang Bon,On Leave
564,Ginger Ebbrell,Engineering,Research Nurse,2/1/2020,80964.04,564,5,Xiluodu,Active
565,Yevette Rumney,Support,Research Nurse,6/17/2010,80429.75,565,3,El Guamo,Active
566,Reynard Ebbage,Support,Associate Professor,6/20/2020,116750.82,566,5,Nouméa,On Leave
567,Rici Fetherstone,Engineering,Director of Sales,5/6/2017,73345.1,567,4,Bokino,On Leave
568,Germain Crysell,Product Management,Account Executive,9/8/2005,43904.06,568,2,Kidal,On Leave
569,Shamus Holburn,Support,Actuary,3/27/2006,59441.02,569,3,Tignoan,Inactive
570,Grantley Greenfield,Training,Mechanical Systems Engineer,3/27/2008,44751.98,570,3,Zlatni Pyasatsi,On Leave
571,Alphard MacAnulty,Services,Sales Representative,3/10/2006,137961.39,571,3,Huayan,Inactive
572,Adina Aubrey,Research and Development,Legal Assistant,6/16/2004,39724.98,572,1,Kafr Takhārīm,Active
573,Sherline Donovin,Research and Development,Software Engineer IV,8/3/2017,130150.39,573,3,Shangmachang,Active
574,Benton Donaldson,Engineering,Technical Writer,8/13/2021,77844.99,574,2,Rahama,Inactive
575,Jill Pilgram,Sales,Registered Nurse,5/28/2006,32035.79,575,3,Carice,Active
576,Angelle Iglesias,Services,Associate Professor,5/5/2019,33601.66,576,5,Chuanshan,On Leave
577,Adelind Castlake,Legal,Account Executive,2/23/2007,38176.4,577,4,Cisoka,Inactive
578,Whit Sampey,Engineering,Payment Adjustment Coordinator,6/10/2019,134114.61,578,4,Sandy Bay,Inactive
579,Blanch Water,Product Management,Occupational Therapist,11/12/2001,105821.6,579,5,Roissy Charles-de-Gaulle,On Leave
580,Florinda Bernardot,Sales,Recruiter,1/6/2007,71725.21,580,5,Moriguchi,Active
581,Clemmie Cammidge,Product Management,Engineer IV,8/16/2002,72756.93,581,1,Lamas,On Leave
582,Binny Adanez,Training,Research Associate,4/30/2006,140451.03,582,3,Rumbek,On Leave
583,Henrik Keating,Research and Development,Account Executive,8/12/2015,74290.04,583,5,Ialibu,Active
584,Liane Sulman,Support,Database Administrator I,8/31/2020,50063.63,584,5,Kauman,Active
585,Norman Thompson,Engineering,Senior Developer,4/24/2015,96571.09,585,2,Hecheng,On Leave
586,Gracie Armor,Legal,Executive Secretary,9/24/2014,128580.12,586,2,Pétionville,On Leave
587,Hersh Zorzin,Training,Occupational Therapist,5/26/2020,131220.88,587,4,Nybro,Inactive
588,Kai Chapelhow,Marketing,Media Manager I,1/2/2021,62633.83,588,3,Huayuan,Active
589,Hollyanne Isley,Human Resources,Office Assistant IV,8/8/2016,137467.3,589,2,El Puerto,On Leave
590,Cullen Stennett,Training,Web Designer III,12/18/2021,33295.87,590,2,Villamaría,Active
591,Mylo Goford,Product Management,Nuclear Power Engineer,10/15/2018,137780.81,591,2,Croix,Inactive
592,Reginauld Faughny,Engineering,Programmer II,11/24/2006,71283.22,592,2,Beruniy,Inactive
593,Hestia Wallhead,Human Resources,Data Coordinator,11/18/2005,47946.65,593,3,Sanjia,Active
594,Vivie Sudlow,Product Management,Nurse Practicioner,2/1/2013,69773.43,594,3,Quimper,On Leave
595,Cecilio Fenner,Support,Account Coordinator,12/31/2020,132337.24,595,3,Yŏnggwang-ŭp,On Leave
596,Roobbie Magill,Business Development,Technical Writer,10/2/2017,76834.16,596,2,Almoínhas Velhas,Active
597,Kiley Quince,Legal,Safety Technician IV,7/22/2002,115586.7,597,5,Calapan,Inactive
598,Lemar Kirckman,Research and Development,Account Executive,12/8/2014,115542.8,598,5,Reims,On Leave
599,Wynnie Vautin,Engineering,Analog Circuit Design manager,12/6/2004,86259.19,599,5,Santo Domingo,Active
600,Tremaine Nassey,Services,Nurse Practicioner,3/7/2000,42137.87,600,2,Ostrów Lubelski,Active
601,Wini Ennals,Support,Associate Professor,6/11/2003,88197.71,601,3,Bagalangit,On Leave
602,Lilian McTeague,Human Resources,Staff Accountant III,10/20/2005,73275.83,602,5,Iktābah,Inactive
603,Godwin Jedrzejkiewicz,Services,Legal Assistant,3/23/2005,83516.04,603,2,Serzedelo,Inactive
604,Sasha Enterle,Training,Engineer IV,2/2/2022,138718.36,604,2,Nayak,Active
605,Ertha Mackett,Accounting,Nuclear Power Engineer,7/20/2004,34344.73,605,5,Ryazan’,Active
606,Jeromy Kleinhaus,Business Development,Technical Writer,5/4/2017,37109.38,606,4,Kuala Lumpur,On Leave
607,Dede Cazin,Business Development,Internal Auditor,10/19/2018,48167.63,607,1,Calibutbut,Active
608,Griffin Davidoff,Business Development,Registered Nurse,9/21/2021,50852.09,608,1,Tokmok,Active
609,Maurine Rossbrook,Legal,Media Manager IV,6/12/2016,146364.6,609,5,Aimorés,On Leave
610,Paco Vitet,Business Development,Automation Specialist II,12/1/2000,67337.94,610,3,Augusta,Active
611,Whitaker Eggle,Accounting,Accountant IV,9/16/2015,97866.35,611,4,Zongzhai,Active
612,Kala Andrei,Legal,Office Assistant III,7/3/2011,40818.51,612,2,Yangchao,Active
613,Roxane Menendes,Accounting,Clinical Specialist,11/23/2006,121359.31,613,5,Guandu,Inactive
614,Lonna Willgoose,Services,VP Product Management,5/13/2001,93928.05,614,5,Repušnica,On Leave
615,Lind Ech,Accounting,Recruiting Manager,4/15/2015,147853.93,615,4,Rafaï,On Leave
616,Tressa Island,Research and Development,Financial Advisor,2/22/2020,47540.33,616,2,Zbąszynek,On Leave
617,Maryjane Haresign,Training,Data Coordinator,8/10/2012,145887.53,617,5,Vännäs,Inactive
618,Melinda McArt,Human Resources,Help Desk Operator,1/26/2022,62598.69,618,2,Santa Rosa de Viterbo,On Leave
619,Marrilee Weedon,Training,Associate Professor,9/3/2008,71559.94,619,3,Dongqiao,On Leave
620,Roderick Burwood,Legal,Speech Pathologist,10/11/2019,146676.42,620,4,Fayzabad,Active
621,Zebadiah Mabone,Product Management,Human Resources Assistant III,8/23/2015,63543.19,621,2,Narowlya,On Leave
622,Sol Pic,Marketing,Software Consultant,2/6/2019,121691.72,622,2,Antas,On Leave
623,Jerry Cheeke,Human Resources,Software Consultant,4/24/2020,82467.45,623,4,Orël,Active
624,Ebony Allery,Human Resources,Analyst Programmer,9/18/2013,57560.52,624,5,Asamboka,Active
625,Bevin Cleeves,Support,Community Outreach Specialist,8/15/2003,93880.8,625,3,Xiumei,Active
626,Eunice Avory,Research and Development,Design Engineer,4/25/2007,62084.69,626,3,Starobin,Inactive
627,Michel Damrell,Accounting,Information Systems Manager,4/27/2018,102275.26,627,4,Semuda,On Leave
628,Ash McKague,Sales,Design Engineer,4/19/2018,123629.71,628,4,General Vedia,Active
629,Emma MacGibbon,Engineering,Programmer IV,6/3/2006,74014.3,629,2,Batagay-Alyta,On Leave
630,Barnett Tripet,Services,Food Chemist,12/2/2001,82183.74,630,1,Sincé,Inactive
631,Jaymee Lazer,Support,Editor,3/6/2012,54033.84,631,5,Pandian,Active
632,Illa Rubinowitz,Training,Systems Administrator I,6/16/2014,108247.9,632,5,Colonia Neuland,Active
633,Margeaux Brydell,Human Resources,Sales Associate,8/30/2011,55929.5,633,1,Łęczyce,On Leave
634,Hermy Maty,Business Development,Actuary,9/2/2005,43994.94,634,4,Las Junturas,Active
635,Trixi Rowler,Research and Development,Assistant Media Planner,11/6/2022,127652.86,635,1,Feodosiya,On Leave
636,Bartel Renne,Services,Graphic Designer,10/28/2016,93273.82,636,5,Alto Río Senguer,Inactive
637,Norbie Petru,Marketing,Statistician III,8/18/2022,39411.68,637,2,Yarabamba,On Leave
638,Karla Burt,Business Development,Product Engineer,4/17/2006,113792.28,638,2,Tagbacan Ibaba,On Leave
639,Miriam Dommerque,Sales,Senior Editor,11/4/2010,35984.3,639,1,Wufeng,Active
640,Mariejeanne Voas,Training,Operator,4/14/2001,122652.82,640,5,Chiriguaná,On Leave
641,Konstantine Weatherhogg,Support,Marketing Manager,11/20/2020,115863.31,641,1,Alebtong,Inactive
642,Cleveland Bohike,Business Development,Assistant Professor,6/4/2003,147560.66,642,4,Tanjung Kidul,Active
643,Salvador Chiechio,Sales,General Manager,6/21/2009,44361.88,643,3,Solnechnogorsk,Inactive
644,Cleo Prendeguest,Services,Assistant Professor,6/10/2006,88937.76,644,2,Chengzhai,On Leave
645,Dal Worsnop,Marketing,VP Quality Control,1/14/2004,55471.96,645,3,Lammi,Inactive
646,Tara Engelmann,Sales,Software Test Engineer III,1/29/2008,109855.86,646,1,Kasimov,On Leave
647,Desmond De Morena,Marketing,Automation Specialist IV,5/12/2008,40852.74,647,3,Kutno,Inactive
648,Lyndsey Avrashin,Research and Development,Design Engineer,4/6/2000,80749.58,648,1,Huta Stara B,On Leave
649,Hamnet Larvent,Business Development,Sales Representative,9/30/2010,126377.56,649,2,Delanggu,Inactive
650,Rockie Priddie,Legal,Marketing Assistant,7/8/2007,34122.1,650,4,Ceerigaabo,Active
651,Melodee Ivetts,Legal,Senior Sales Associate,6/7/2021,63364.91,651,4,Prao,Inactive
652,Bald Halbeard,Services,Web Designer III,3/7/2013,95081.05,652,1,Puutura,Inactive
653,Karylin Bengle,Product Management,Compensation Analyst,12/22/2022,74279.41,653,2,Peñarrubia,On Leave
654,Fitz Kocher,Services,Dental Hygienist,6/21/2009,53192.3,654,2,Trzebinia,On Leave
655,Rowland Bern,Marketing,Assistant Professor,10/19/2020,120862.43,655,4,Wensu,Inactive
656,Sibylle Jervis,Product Management,Quality Control Specialist,6/15/2005,119009.49,656,3,Longsha,On Leave
657,Lorain Garaghan,Accounting,Payment Adjustment Coordinator,9/20/2006,69031.57,657,1,Dū Qal‘ah,On Leave
658,Amabel Croucher,Product Management,Director of Sales,7/10/2006,133576.86,658,1,Bressuire,Inactive
659,Bernie Harkes,Marketing,Desktop Support Technician,5/21/2010,93507.54,659,3,Bratislava,Inactive
660,Albie Bleue,Training,Software Engineer IV,1/29/2021,76190.16,660,4,Rakičan,On Leave
661,Chadwick Paliser,Services,Nuclear Power Engineer,3/17/2010,59737.63,661,3,Langzhong,On Leave
662,Darrel Glazyer,Research and Development,Pharmacist,8/13/2004,110170.3,662,3,Lafiagi,Inactive
663,Carry Barhem,Legal,General Manager,3/4/2013,85724.18,663,3,Naberezhnyye Chelny,Active
664,Livvyy Dines,Support,Registered Nurse,9/25/2022,85567.22,664,3,Vinsady,On Leave
665,Elsa Darrington,Training,Occupational Therapist,7/2/2007,110815.93,665,1,Banjar Kertasari,Active
666,Carissa Divina,Business Development,Developer III,11/19/2017,94374.26,666,2,Yuli,Inactive
667,Elie Pexton,Accounting,Sales Representative,12/23/2011,108684.52,667,4,Addis Ababa,Inactive
668,Ingrim Mitcham,Accounting,Developer IV,7/18/2009,133082.58,668,5,Hoeryŏng,Inactive
669,Olly Boribal,Human Resources,Financial Analyst,4/7/2006,49813.74,669,3,Busungbiu,Active
670,Aridatha Ollander,Services,Nuclear Power Engineer,7/18/2004,147954.4,670,1,Měcholupy,Inactive
671,Harley Bennetts,Training,Database Administrator II,1/3/2022,109671.56,671,4,Vukovar,On Leave
672,Alane Dorrell,Product Management,Mechanical Systems Engineer,4/18/2016,69811.2,672,2,Modakeke,Inactive
673,Krissy Rozenzweig,Business Development,Nuclear Power Engineer,6/23/2016,44549.56,673,1,Haiyanmiao,On Leave
674,Monique Tuck,Product Management,Paralegal,10/21/2022,122765.3,674,3,Sayama,Inactive
675,Dominick Steketee,Services,Engineer I,1/30/2018,97589.51,675,1,Blainville,Inactive
676,Fielding MacKenzie,Business Development,Nuclear Power Engineer,9/16/2017,77776.33,676,1,Jiangjing,Active
677,Gipsy Measor,Legal,Recruiting Manager,11/16/2006,147180.49,677,1,Constance,On Leave
678,Garfield Craufurd,Services,Systems Administrator I,5/23/2016,93450.36,678,4,General José de San Martín,On Leave
679,Wanda Legat,Support,Human Resources Assistant III,8/29/2014,68000.62,679,2,Al Masallamiyya,On Leave
680,Franny Amery,Sales,Dental Hygienist,6/7/2004,127913.0,680,4,Mesopotam,Inactive
681,Salli Brogioni,Training,Biostatistician II,7/2/2002,78480.29,681,4,Krasnoyarka,Inactive
682,Alissa Chastey,Business Development,Food Chemist,6/13/2006,90906.96,682,4,De la Paz,Inactive
683,Letti Waldron,Human Resources,Human Resources Manager,4/5/2000,134917.67,683,2,As Sukhnah,On Leave
684,Bailie Hartigan,Human Resources,Nurse,5/19/2002,122804.77,684,2,Segbwema,Active
685,Link Middlewick,Sales,Executive Secretary,9/19/2011,144079.21,685,4,Ozërsk,Inactive
686,Jodi Welfair,Human Resources,Biostatistician II,1/8/2017,103839.56,686,3,Liuduzhai,Active
687,Emlynne Hewertson,Sales,GIS Technical Architect,12/19/2000,55219.97,687,2,Tögrög,Active
688,Gustie Hollerin,Business Development,Technical Writer,10/25/2008,54163.58,688,4,Steinkjer,On Leave
689,Niccolo Stackbridge,Sales,Help Desk Technician,4/16/2001,74071.24,689,3,Banjar Ambengan,On Leave
690,Tyne Chasemoore,Services,General Manager,12/9/2022,52537.27,690,5,Millau,Active
691,Jami Epinoy,Legal,Physical Therapy Assistant,10/12/2018,111280.45,691,3,Kushtia,Inactive
692,Leupold Lung,Legal,Safety Technician II,1/6/2003,67354.86,692,3,Sizhou,Active
693,Guendolen Sandry,Business Development,Developer II,2/4/2018,83379.62,693,1,Niort,On Leave
694,Wainwright Ianne,Accounting,Editor,11/17/2002,51794.75,694,3,Baryshivka,On Leave
695,Tandy Algar,Human Resources,Compensation Analyst,5/24/2020,119619.18,695,3,La Poma,On Leave
696,Tyrone Coule,Engineering,Analog Circuit Design manager,11/23/2004,89585.74,696,2,San Lorenzo,Active
697,Eleonora Maffini,Accounting,Payment Adjustment Coordinator,3/2/2004,139057.33,697,1,Guangdu,Inactive
698,Nanete Pauleau,Human Resources,Human Resources Assistant II,2/8/2015,58332.31,698,5,Currais,Active
699,Marne Malia,Engineering,Community Outreach Specialist,12/15/2020,80199.16,699,4,Eha Amufu,Active
700,Silas Reay,Training,Media Manager IV,1/19/2013,69779.37,700,1,Pavino,Active
701,Mill Buttress,Business Development,Nuclear Power Engineer,7/24/2005,130566.17,701,4,Carlos Casares,On Leave
702,Enrika La Grange,Sales,Media Manager II,8/3/2021,130653.58,702,4,Gazanjyk,Active
703,Dalis Shinner,Engineering,Database Administrator III,2/24/2013,98275.67,703,2,Tim,On Leave
704,Junette McGeffen,Legal,Quality Engineer,6/27/2015,33921.55,704,2,Färgelanda,On Leave
705,Ward Keatch,Training,Recruiter,11/13/2022,68527.55,705,3,Choibalsan,On Leave
706,Cariotta Van Oord,Sales,Senior Cost Accountant,3/15/2015,116802.0,706,3,Pamotan,Active
707,Bobbe Roseveare,Services,Librarian,6/30/2008,87736.28,707,1,Brześć Kujawski,On Leave
708,Darcie Harriss,Product Management,Programmer III,8/8/2000,35059.36,708,4,Ljungskile,Inactive
709,Leigha Hucks,Support,Registered Nurse,11/17/2007,43772.88,709,5,Horlivka,On Leave
710,Marleen Daybell,Product Management,Technical Writer,12/22/2012,89159.28,710,1,Sawara,Active
711,Heddi Rawes,Business Development,Statistician IV,11/3/2013,70739.94,711,1,Prochowice,On Leave
712,Amerigo Toms,Legal,Office Assistant III,2/28/2008,59080.76,712,1,Ban Kruat,Inactive
713,Allissa Iddins,Sales,Structural Engineer,12/8/2015,83949.64,713,4,Nabīnagar,On Leave
714,Joelie Wife,Human Resources,Database Administrator IV,8/7/2010,111615.87,714,5,São Fidélis,Active
715,Radcliffe Jupe,Sales,Developer IV,4/26/2008,148551.65,715,5,Bubullimë,On Leave
716,Milicent Teas,Sales,Biostatistician II,5/15/2003,30064.85,716,1,Ōmura,Inactive
717,Ulrica Jarmyn,Human Resources,Director of Sales,2/11/2003,146296.72,717,3,Isoka,Inactive
718,Hillel Penley,Business Development,Help Desk Technician,8/13/2017,59040.73,718,5,Agara,On Leave
719,Angie Skehens,Legal,Analog Circuit Design manager,1/13/2004,78245.41,719,1,Mouhijärvi,On Leave
720,Leroy Halpin,Legal,Structural Analysis Engineer,8/12/2016,136815.03,720,3,Shilong,Inactive
721,Maurizia Sams,Training,Payment Adjustment Coordinator,12/13/2010,115805.53,721,4,Iitti,On Leave
722,Benedict Deane,Support,Food Chemist,8/5/2002,113341.96,722,4,Pulaupanggung,Active
723,Jorry Somerled,Research and Development,Teacher,5/29/2001,90639.21,723,5,Muara Sabak,Inactive
724,Hans Wardell,Services,Associate Professor,7/12/2010,105885.92,724,1,Longju,Inactive
725,Bartolomeo Schrir,Accounting,General Manager,6/11/2020,139963.98,725,2,Neryungri,Inactive
726,Renie Luckie,Product Management,Research Assistant II,7/29/2013,74130.84,726,1,Migues,Inactive
727,Monty Jellybrand,Accounting,Web Developer I,9/12/2011,98458.49,727,1,Al Hijrah,Inactive
728,Fidelio Butfield,Services,Payment Adjustment Coordinator,10/14/2000,86628.37,728,2,Yanjiang,On Leave
729,Nerta Hellmore,Research and Development,Recruiter,1/1/2012,68390.41,729,2,Fajões,Inactive
730,Camile Dundon,Accounting,VP Product Management,11/30/2013,141312.66,730,2,Rio de Moinhos,Active
731,Neila McGovern,Training,Dental Hygienist,4/1/2015,123178.52,731,5,Wobulenzi,On Leave
732,Adore Jennison,Legal,Clinical Specialist,8/21/2009,46536.66,732,2,Sri Jayewardenepura Kotte,Active
733,Trever Maltman,Business Development,Developer II,1/29/2005,135644.71,733,4,Monsanto,Inactive
734,Stevena Jewett,Sales,Structural Engineer,8/9/2005,128245.31,734,3,Afonsoeiro,On Leave
735,Bil Scotchbourouge,Marketing,Software Consultant,1/16/2016,114196.04,735,2,Libon,Inactive
736,Malanie Paradis,Engineering,Analyst Programmer,8/17/2016,42086.32,736,1,Duwayr Raslān,Inactive
737,Emmi Bicheno,Accounting,Cost Accountant,9/28/2006,34641.4,737,2,Taimaman,On Leave
738,Anderea Agget,Services,Food Chemist,10/11/2020,107840.08,738,3,Teresópolis,On Leave
739,Sigfried Sainteau,Accounting,Librarian,1/15/2015,34710.77,739,5,Jasienica,On Leave
740,Karen Gerardi,Human Resources,Payment Adjustment Coordinator,7/28/2020,123590.7,740,5,Talugtug,On Leave
741,Barbey Sheerin,Business Development,Programmer Analyst IV,10/2/2002,133423.58,741,1,Kishi,Inactive
742,Angelia Oxteby,Marketing,VP Accounting,1/30/2022,56300.27,742,4,Muhos,On Leave
743,Bryana Pinniger,Product Management,Project Manager,12/15/2016,49272.42,743,5,Modot,Inactive
744,Bartholomeo Jirak,Research and Development,Statistician IV,4/7/2016,87684.04,744,4,Zaña,Active
745,Henry Bladder,Training,Administrative Officer,4/6/2019,74328.62,745,4,Nangewer,Active
746,Charo Heninghem,Engineering,Electrical Engineer,11/16/2018,64033.45,746,2,Tak,Inactive
747,Kinna Burdfield,Accounting,Senior Quality Engineer,9/6/2006,80901.58,747,1,Bailadores,Inactive
748,Bevvy Endacott,Services,Executive Secretary,1/9/2006,140972.57,748,5,Bangkle,On Leave
749,Javier De Lisle,Services,Account Representative I,3/10/2009,91607.82,749,5,Vienne,On Leave
750,Averil Burchett,Human Resources,Web Developer II,12/5/2002,88459.62,750,2,Vostochnoe Degunino,Active
751,Dale Greggs,Human Resources,Senior Developer,6/27/2014,89523.33,751,1,Chucatamani,Active
752,Aundrea Aird,Engineering,Associate Professor,11/8/2002,85721.35,752,2,Topola,Active
753,Killian Instone,Legal,Nurse Practicioner,7/18/2002,54662.98,753,3,Imider,Active
754,Emmet Knappen,Support,Compensation Analyst,12/29/2006,31369.87,754,5,Laurel,Inactive
755,Anson Bickle,Engineering,Product Engineer,5/9/2004,109761.19,755,4,Kabukarudi,Inactive
756,Timmy Heisler,Support,Operator,8/10/2018,40767.4,756,5,At-Bashi,On Leave
757,Lynelle Authers,Research and Development,Computer Systems Analyst IV,4/1/2014,38280.29,757,5,Guijalo,Inactive
758,Kelci Escreet,Training,VP Product Management,7/2/2008,85703.49,758,3,Bayt ‘Ūr at Taḩtā,On Leave
759,Fenelia Shovelin,Engineering,Software Engineer III,5/23/2011,77439.41,759,3,Velenje,Inactive
760,Cletus Eakins,Product Management,Programmer II,9/6/2015,100983.28,760,3,Kebonbencoy,Inactive
761,Anet Wozencraft,Engineering,Senior Sales Associate,9/8/2022,123114.81,761,1,Leiwang,Active
762,Missy Hendren,Product Management,Community Outreach Specialist,3/1/2006,62211.36,762,1,Khanabad,Active
763,Adele Melin,Research and Development,Physical Therapy Assistant,9/22/2006,57238.63,763,5,Haurpanggung,On Leave
764,Symon Yukhnov,Product Management,Sales Associate,3/18/2014,70899.08,764,4,Longbei,On Leave
765,Augustus Hapke,Marketing,Speech Pathologist,10/2/2008,124106.25,765,2,Heping,Active
766,Antonin Aizic,Marketing,Financial Advisor,10/24/2017,111991.51,766,3,Guishan,Active
767,Janeva Dispencer,Services,Environmental Tech,5/25/2017,54758.2,767,1,Duishan,Active
768,Flint Casacchia,Business Development,VP Marketing,11/27/2015,144674.58,768,3,Payao,On Leave
769,Marthe Deftie,Sales,Help Desk Technician,10/5/2021,40107.0,769,2,Pemberton,On Leave
770,Celina Wellum,Training,Business Systems Development Analyst,3/5/2018,127159.07,770,4,Anyang-si,Inactive
771,Andrus Seeler,Human Resources,Executive Secretary,11/23/2012,87587.46,771,2,Novaya Lyalya,Active
772,Ario Cumberland,Accounting,VP Marketing,6/29/2014,30481.82,772,2,Cournon-d'Auvergne,On Leave
773,Marshall Dargan,Product Management,Geologist I,9/25/2016,118093.05,773,1,E’zhou,On Leave
774,Seumas Foxen,Training,Social Worker,11/16/2022,141796.75,774,4,Marseille,Active
775,Carolus O'Henery,Training,Structural Analysis Engineer,6/14/2004,94529.73,775,5,Tukums,Active
776,Niels Sennett,Support,Human Resources Manager,12/17/2002,103816.27,776,4,Senador Canedo,Inactive
777,Lila Eagles,Business Development,Data Coordinator,3/23/2014,44896.18,777,3,Ramaram,Active
778,Zebulon Daine,Business Development,Research Assistant IV,8/13/2021,82810.42,778,1,Tuzhu,Active
779,Courtney Thaw,Legal,Recruiter,7/20/2016,131430.48,779,2,Rodatychi,On Leave
780,Chen Lawman,Accounting,Statistician I,12/7/2001,72482.38,780,4,Barakī Barak,Inactive
781,Olympia Misselbrook,Accounting,Developer II,2/16/2007,67308.75,781,4,Alegrete,Inactive
782,Burt O'Dogherty,Sales,Programmer Analyst II,4/12/2004,31529.59,782,1,Heerlen,On Leave
783,Levi Epsley,Engineering,Marketing Manager,4/9/2013,98783.59,783,2,RMI Capitol,On Leave
784,Simona Housiaux,Legal,Engineer IV,6/8/2019,55628.44,784,4,Hinapalanan,Active
785,Ileana Bamell,Services,Administrative Assistant IV,9/24/2020,96026.05,785,5,Hampton,Inactive
786,Edi Harverson,Training,Safety Technician IV,7/13/2013,121299.73,786,2,Ambian,Active
787,Galven Pigeram,Sales,Accountant IV,7/30/2012,33645.09,787,2,Sedati,Inactive
788,Dillie Scurrah,Marketing,Analog Circuit Design manager,5/4/2005,84094.87,788,3,Ombul Barat,Active
789,Werner Bourdas,Services,Paralegal,10/6/2013,42402.37,789,2,Jōetsu,Inactive
790,Hildy Hacket,Engineering,Analyst Programmer,7/24/2014,66917.2,790,4,Camalote,On Leave
791,Jareb Bosden,Engineering,Quality Control Specialist,10/15/2010,111544.2,791,3,Jampang Kulon,On Leave
792,Gordan Dawkes,Marketing,Product Engineer,10/31/2005,95461.03,792,2,Barreiro,On Leave
793,Isiahi Haggerty,Services,Research Associate,7/28/2011,144299.28,793,3,Xinghe Chengguanzhen,Active
794,Alard Webbe,Accounting,Assistant Professor,5/28/2000,50541.31,794,3,Srostki,Inactive
795,Rabbi Fountian,Human Resources,Recruiter,5/29/2014,123509.01,795,2,Villa Castelli,On Leave
796,Abner Splaven,Engineering,Payment Adjustment Coordinator,5/4/2017,95610.45,796,4,Xiaochuan,Inactive
797,Christian Glisane,Product Management,Information Systems Manager,5/17/2019,30483.94,797,2,Shuishi,Active
798,Valentine Rosone,Support,Research Associate,8/26/2016,73500.84,798,1,Dolní Sloupnice,On Leave
799,Jobey Harrell,Product Management,Research Assistant I,6/28/2005,81513.3,799,5,Enköping,On Leave
800,Luz Brackenbury,Human Resources,Staff Accountant III,11/8/2004,39829.33,800,2,Město Albrechtice,Active
801,Jandy Brisker,Engineering,Operator,3/16/2020,104790.68,801,5,Tamorong,Active
802,Saraann Soff,Accounting,Pharmacist,3/16/2020,88975.46,802,2,Ponyri Vtoryye,Inactive
803,Saunders Marland,Human Resources,Information Systems Manager,11/2/2009,145792.57,803,2,Buliwao,Active
804,Fielding Lomasney,Engineering,Analyst Programmer,2/20/2017,31203.68,804,2,Nový Bydžov,On Leave
805,Myrwyn Butter,Sales,Web Designer IV,11/7/2009,69747.3,805,3,Limushan,Active
806,Irv Reeds,Business Development,Analyst Programmer,4/24/2010,129424.32,806,3,Makiwalo,Active
807,Damita McEachern,Product Management,Safety Technician I,3/3/2005,39226.13,807,4,Kraków,Inactive
808,Court Learoyde,Research and Development,Administrative Officer,7/15/2000,141947.94,808,5,Renyi,Active
809,Eberto Grichukhanov,Marketing,Civil Engineer,10/13/2004,44435.04,809,3,Filabusi,Inactive
810,Lauren MacCard,Marketing,Web Developer II,3/2/2004,140139.28,810,1,Caldas da Rainha,Inactive
811,Mariska Vakhonin,Services,Assistant Media Planner,5/28/2005,135464.17,811,2,Velké Opatovice,Active
812,Candra Addyman,Sales,Structural Analysis Engineer,9/18/2002,102358.35,812,5,Dhahab,Inactive
813,Lynelle Heditch,Marketing,Recruiter,12/21/2014,41480.11,813,4,Kuteynykove,On Leave
814,Noell Raunds,Engineering,Health Coach II,12/7/2022,147344.15,814,3,Kylmäkoski,Inactive
815,Sofia Chaikovski,Product Management,Pharmacist,12/1/2013,84330.78,815,5,Methven,On Leave
816,Morgan Morphey,Marketing,Geologist I,5/25/2010,38040.43,816,1,Lanling,Inactive
817,Marney Itzakson,Sales,Technical Writer,4/28/2014,121913.81,817,4,Bęczarka,Inactive
818,Zachariah Mathys,Business Development,Civil Engineer,8/24/2015,96612.38,818,5,Waegwan,Active
819,Lilla Cock,Research and Development,Staff Scientist,9/8/2022,46544.03,819,4,Manukau City,Active
820,Florian Elphey,Training,Tax Accountant,2/20/2006,135550.19,820,1,La Playosa,Inactive
821,Octavia McCurdy,Product Management,Compensation Analyst,9/13/2008,44811.61,821,4,Tsimasham,On Leave
822,Tobi Woodwind,Marketing,Registered Nurse,3/26/2018,52192.66,822,2,Curitibanos,Active
823,Shara Ions,Engineering,Paralegal,1/3/2021,56676.97,823,4,Örebro,Active
824,Sheelagh Roony,Product Management,Research Associate,10/26/2003,66051.6,824,3,Milwaukee,Active
825,Clareta Wille,Sales,Business Systems Development Analyst,2/10/2016,119175.79,825,1,Grand Bank,Active
826,Petronilla Glide,Sales,Operator,9/4/2016,125423.42,826,5,Karabash,On Leave
827,Gallagher Torbeck,Services,Software Engineer I,10/23/2002,119334.58,827,2,Inhambupe,On Leave
828,Quentin Chattington,Support,Software Consultant,6/8/2011,66209.34,828,4,Montluçon,Active
829,Brody Kerkham,Legal,Legal Assistant,3/10/2007,48833.19,829,5,Pakel,Inactive
830,Ninnetta de Mullett,Sales,Mechanical Systems Engineer,7/27/2001,115887.51,830,1,Baoxia,Active
831,Phyllis Daniels,Training,Teacher,6/29/2015,124124.55,831,1,Lab,Active
832,Tommie Argyle,Training,Human Resources Assistant II,4/3/2020,108323.37,832,1,Beishan,On Leave
833,Elle Arrighetti,Accounting,Design Engineer,7/20/2009,130518.63,833,3,Macaé,Active
834,Philomena Mancer,Marketing,Geologist IV,3/3/2002,79208.32,834,4,Macapsing,Inactive
835,Ag Bottom,Marketing,Budget/Accounting Analyst I,4/26/2020,64598.38,835,5,Miura,On Leave
836,Harold Gladbeck,Support,Social Worker,1/4/2019,38628.22,836,3,Shishang,Active
837,Tedman Matuska,Training,Teacher,12/17/2010,85667.4,837,5,Sumberpandan,On Leave
838,Salem Czajka,Human Resources,Computer Systems Analyst II,4/9/2012,96855.81,838,4,Xinming,Inactive
839,Ambur Meharry,Training,Staff Accountant IV,8/6/2005,104247.18,839,2,Tatarbunary,Inactive
840,Kaile Gammill,Human Resources,Marketing Assistant,10/11/2005,61937.61,840,2,Clearwater,Inactive
841,Culley Aleksankin,Engineering,Recruiting Manager,12/30/2012,123743.16,841,4,Amancio,Active
842,Pooh MacNair,Support,Senior Quality Engineer,5/8/2000,117490.73,842,3,Balakliya,Inactive
843,Amata Boon,Accounting,Chief Design Engineer,10/2/2012,97710.31,843,4,Brusy,Active
844,Giacopo Abramsky,Accounting,Professor,9/30/2001,109620.04,844,1,Terre Haute,On Leave
845,Dennet Bingall,Engineering,Technical Writer,11/10/2010,72116.7,845,3,Panórama,On Leave
846,Carilyn Collopy,Accounting,VP Sales,12/30/2015,57509.71,846,5,Hua Hin,Inactive
847,Ruprecht Drage,Support,General Manager,1/9/2021,146378.95,847,3,Zengguang,Active
848,Harrietta Valentine,Support,Product Engineer,9/21/2005,145112.93,848,3,Pucallpa,On Leave
849,Berkie O'Henery,Accounting,Community Outreach Specialist,8/1/2005,95546.46,849,1,Sępólno Krajeńskie,Active
850,Dav Roderham,Research and Development,Food Chemist,2/1/2009,53949.67,850,3,Concepción de La Vega,On Leave
851,Glory Kimmings,Research and Development,Social Worker,1/6/2006,36130.3,851,2,Zakroczym,Active
852,Shela Beddoes,Legal,Systems Administrator III,9/16/2013,79868.35,852,2,Kyllíni,Active
853,Corenda Klezmski,Business Development,Pharmacist,3/13/2007,45339.38,853,2,Bang Klam,Active
854,Laurent Gemnett,Accounting,Senior Sales Associate,3/3/2004,109308.48,854,3,Kertosari,On Leave
855,Berty Maric,Engineering,Senior Developer,5/2/2003,55980.77,855,4,Glugu,Active
856,Ferdie Phorsby,Sales,Clinical Specialist,9/17/2008,126664.72,856,3,Śniadowo,On Leave
857,Allyce Crowe,Training,GIS Technical Architect,5/11/2019,125715.13,857,4,Kitimat,On Leave
858,Hyacinthia Raiment,Legal,Desktop Support Technician,9/28/2014,66197.98,858,5,Coja,On Leave
859,Sascha Aveyard,Support,Programmer II,11/16/2009,89993.93,859,1,Qingshui,Inactive
860,Derek Venediktov,Accounting,Nurse,12/16/2021,106262.73,860,4,Jimusa’er,Inactive
861,Ruby Hallibone,Marketing,Cost Accountant,12/6/2014,56031.94,861,3,Spirit River,On Leave
862,Gustavo Alner,Services,Research Assistant IV,5/15/2010,73149.63,862,2,Duas Igrejas,On Leave
863,Maryann Fowlestone,Accounting,Internal Auditor,4/6/2010,88309.58,863,1,Lolotique,Active
864,Eartha Glenister,Product Management,Account Coordinator,6/17/2010,97782.27,864,3,Pajoreja,Active
865,Dall Topling,Business Development,VP Accounting,5/25/2000,105078.33,865,1,Nunbaundelha,Inactive
866,Sabra Calver,Marketing,Occupational Therapist,10/10/2002,39361.06,866,3,Salawu,On Leave
867,Myrwyn Peaddie,Training,Associate Professor,11/11/2001,55570.79,867,3,Jinji,Active
868,Jedidiah Patley,Product Management,Administrative Assistant III,6/23/2019,96737.67,868,3,Lagangilang,Inactive
869,Cal Spooner,Human Resources,Research Assistant IV,1/24/2019,141797.33,869,1,Los Pinos,On Leave
870,Chloette Ties,Support,Account Executive,9/1/2002,105456.0,870,4,Buzuluk,Inactive
871,Morganica Larimer,Engineering,Compensation Analyst,1/15/2015,95163.1,871,2,Michałowice,On Leave
872,Kelcey Russen,Business Development,Compensation Analyst,7/6/2005,106332.47,872,3,Berlin,On Leave
873,Dorey Viccars,Business Development,Programmer III,4/30/2014,51270.13,873,2,Bangui,Inactive
874,Joycelin Fraczkiewicz,Business Development,Chief Design Engineer,1/11/2009,102889.48,874,1,Bilqās,On Leave
875,Bette-ann McCard,Product Management,Developer III,6/9/2003,50914.91,875,5,Vodnyy,On Leave
876,Silas Basley,Support,Software Consultant,2/25/2020,42534.46,876,5,Balzers,Active
877,Marleah Scoon,Services,VP Quality Control,8/24/2011,129495.45,877,1,Kowo,Inactive
878,Caryn Sickert,Research and Development,Software Test Engineer I,6/6/2013,56129.64,878,5,Drachten,Active
879,Nance Gaul,Services,Research Nurse,11/24/2008,69338.81,879,1,Shymkent,On Leave
880,Starla Linstead,Product Management,Assistant Manager,7/14/2016,104804.34,880,5,Amaigbo,On Leave
881,Kliment Filby,Sales,Web Developer I,4/8/2015,126821.4,881,5,Néma,Inactive
882,Barnard Parker,Engineering,Nuclear Power Engineer,2/19/2008,106643.26,882,2,Mengjia,Inactive
883,Putnem Rodgier,Marketing,Director of Sales,12/29/2012,52371.26,883,1,Amiens,On Leave
884,Francene Dilkes,Marketing,Biostatistician III,12/20/2021,118627.85,884,3,Huanghua,Inactive
885,Javier Seggie,Sales,Civil Engineer,12/26/2022,40495.73,885,4,Caspisapa,On Leave
886,Kassie Callaby,Support,Data Coordinator,10/18/2022,37751.82,886,5,Santa Ana,Active
887,Gare Winscom,Engineering,Sales Representative,6/30/2006,63393.6,887,2,Sandakan,On Leave
888,Billie Lowmass,Sales,Software Consultant,6/12/2002,49850.84,888,1,Ménaka,Inactive
889,Joaquin Mayne,Product Management,Sales Associate,12/11/2018,141393.15,889,3,Jinzhou,Active
890,Corbet Houseman,Services,Web Developer I,1/26/2018,95900.2,890,1,Zhigulevsk,Active
891,Willa Wurz,Human Resources,VP Quality Control,12/20/2004,123244.12,891,5,Fengshan,Inactive
892,Elyn Irvine,Product Management,Account Executive,9/18/2008,126359.04,892,1,Shani,Inactive
893,Olag Mabee,Business Development,Nuclear Power Engineer,9/4/2004,31248.15,893,3,Narva,On Leave
894,Bengt Uccello,Accounting,Senior Quality Engineer,3/13/2018,115983.62,894,3,Girey,Inactive
895,Kore Blennerhassett,Product Management,Cost Accountant,1/25/2006,68078.06,895,1,Abelheira,Active
896,Eloisa Rembrant,Marketing,Quality Engineer,8/25/2002,49203.1,896,2,Bandung,Active
897,Rosanne Larder,Accounting,Editor,4/13/2017,93510.2,897,2,Āshtīān,On Leave
898,Kerry Witheford,Support,Assistant Professor,5/6/2021,137867.97,898,4,Edinburgh of the Seven Seas,On Leave
899,Darrell Meak,Support,Product Engineer,9/26/2011,94551.36,899,4,Vista Hermosa,Active
900,Lia Alejandre,Engineering,Account Executive,7/29/2014,60640.78,900,5,Gemo,Inactive
901,Wakefield Bavin,Sales,Sales Representative,5/19/2019,142666.18,901,5,Łomianki,Active
902,Loy Fynes,Marketing,Administrative Officer,10/2/2013,41939.99,902,1,Repnoye,On Leave
903,Kincaid Ream,Legal,Compensation Analyst,9/30/2016,84392.09,903,5,Anuradhapura,On Leave
904,Noam Goodayle,Legal,Data Coordinator,1/17/2013,47541.37,904,2,Belūsovka,Inactive
905,Ilyssa Swinney,Services,Electrical Engineer,3/3/2022,30132.55,905,1,Golek,On Leave
906,Jocelyne Kitchenman,Legal,Social Worker,7/3/2008,123139.22,906,3,Helsingborg,Inactive
907,Kristin Brodeur,Services,Budget/Accounting Analyst III,4/29/2018,115703.24,907,3,Sirindhorn,On Leave
908,Benjy Duffie,Legal,Project Manager,12/3/2000,141103.96,908,4,Sabana Grande,Active
909,Merrill Milley,Research and Development,Registered Nurse,7/18/2001,74934.36,909,1,Bularit,Inactive
910,Anabella Lobb,Marketing,Human Resources Assistant II,4/18/2019,135698.57,910,3,Goght’,Active
911,Alice Codman,Services,Environmental Tech,2/7/2001,109798.71,911,2,Radenković,Inactive
912,Charmian McIlrath,Legal,VP Quality Control,9/30/2020,93083.9,912,3,Krmelín,Inactive
913,Gelya Bridgman,Training,Human Resources Manager,1/29/2013,110741.4,913,2,Ostrožac,Inactive
914,Brandi Wethey,Sales,Marketing Manager,12/18/2018,85102.2,914,2,Hīsh,On Leave
915,Anatola LLelweln,Marketing,Nuclear Power Engineer,11/13/2004,134959.08,915,1,Oklahoma City,Inactive
916,Johna O'Griffin,Product Management,Assistant Professor,1/27/2005,140773.31,916,2,Laszki,Active
917,Winne Dalley,Support,Clinical Specialist,12/4/2018,110575.48,917,1,Polomolok,Active
918,Goldie Hallgalley,Product Management,Developer I,3/21/2001,122692.32,918,5,Greensboro,On Leave
919,Fidelity Bazely,Legal,Junior Executive,10/30/2005,60464.32,919,2,Doug An,On Leave
920,Cariotta Olexa,Research and Development,Structural Engineer,12/10/2021,51481.38,920,4,Wates,Active
921,Royall Crippell,Research and Development,Legal Assistant,3/25/2020,93065.07,921,4,Nowa Góra,Inactive
922,Rosalie Upson,Services,Graphic Designer,12/7/2005,54909.34,922,5,Trzcinica,Active
923,Rea Turfrey,Research and Development,Staff Accountant III,5/23/2015,64282.2,923,3,Liutangting,Active
924,Caressa De Rye Barrett,Legal,Financial Advisor,3/14/2010,92545.16,924,2,Dori,Inactive
925,Daveta Dommerque,Services,Senior Sales Associate,6/28/2018,96947.38,925,5,Anticala,Active
926,Bryan Jenkyn,Services,Programmer Analyst IV,12/12/2007,44539.3,926,2,Hato Mayor del Rey,Active
927,Giselle Bockman,Legal,Help Desk Technician,7/25/2005,111367.57,927,5,Futian,Active
928,Beverlee Calley,Product Management,Pharmacist,6/14/2000,89102.24,928,1,Sawara,Inactive
929,Kizzee Jeays,Accounting,Internal Auditor,8/11/2007,83779.45,929,2,Rîbniţa,On Leave
930,Haily Curson,Research and Development,Senior Financial Analyst,9/13/2009,59380.64,930,4,Sabanagrande,Active
931,Sioux Kemp,Legal,Tax Accountant,7/10/2011,107613.13,931,5,Tajinan,Inactive
932,Selene Baudasso,Training,Executive Secretary,3/3/2010,75898.83,932,5,Taipingying,Inactive
933,Ebenezer Wudeland,Accounting,Software Test Engineer II,2/1/2021,139514.04,933,2,El Cacao,On Leave
934,Gabrila Veillard,Sales,Recruiting Manager,12/28/2011,98962.95,934,5,Angoulême,On Leave
935,Erhard Aldwich,Accounting,Food Chemist,12/3/2000,149899.38,935,3,Yongfeng,Inactive
936,Moshe Vigars,Human Resources,Compensation Analyst,9/4/2016,118160.32,936,5,Sáchica,On Leave
937,Carlo Dineen,Human Resources,Environmental Specialist,10/12/2002,77871.08,937,1,Padina,On Leave
938,Cassandry Slimm,Product Management,Geological Engineer,3/25/2008,67004.13,938,4,Shatian,Inactive
939,Zenia MacNeely,Accounting,Sales Representative,3/14/2022,81555.67,939,3,Apiaí,Inactive
940,Shelley Saunper,Sales,Compensation Analyst,4/23/2011,70025.22,940,3,Mahuta,Inactive
941,Christophe Winn,Training,Senior Cost Accountant,6/27/2013,101347.92,941,2,Bastia,On Leave
942,Alyce Bunstone,Legal,Senior Financial Analyst,5/1/2009,32445.46,942,1,Gjegjan,Inactive
943,Nissy Elwell,Product Management,Analyst Programmer,3/4/2008,83656.02,943,2,Bayt Ūmmar,On Leave
944,Wade Vasyatkin,Marketing,Payment Adjustment Coordinator,6/1/2015,137576.67,944,4,Hengdian,Inactive
945,Damian Rigolle,Business Development,Biostatistician II,1/5/2005,149378.09,945,4,Cullalabo del Sur,Inactive
946,Alla Cancelier,Marketing,Automation Specialist II,6/28/2017,148992.41,946,3,Zuénoula,On Leave
947,Bonnee Tarpey,Sales,Administrative Officer,9/5/2011,86975.08,947,4,Vrbovec,Inactive
948,Barton Dibdin,Legal,Human Resources Manager,5/4/2010,43634.79,948,3,Balangonan,Inactive
949,Broddie Cosins,Accounting,Programmer Analyst III,2/24/2009,44163.78,949,4,Sada,Inactive
950,Agnella Reely,Support,Account Coordinator,9/11/2021,142691.84,950,2,Nanyuan,Inactive
951,Wilhelm Dunge,Human Resources,Desktop Support Technician,7/2/2018,41935.6,951,4,Cái Nhum,Active
952,Melony Rookledge,Human Resources,Office Assistant IV,10/19/2022,138460.5,952,2,Ševica,Inactive
953,Em Matussevich,Training,Junior Executive,12/28/2005,141987.37,953,2,Huntington,Active
954,Halie Noakes,Support,Community Outreach Specialist,5/27/2005,33634.85,954,2,Pokrov,Active
955,Isaac Tissier,Research and Development,Biostatistician I,9/6/2001,83038.38,955,4,Vallentuna,Active
956,Innis Connett,Business Development,Registered Nurse,6/3/2019,106777.69,956,2,Longsheng,Active
957,Rosalind Bruinemann,Training,Registered Nurse,8/26/2005,75537.51,957,4,Bombardopolis,Inactive
958,Ezequiel Kubyszek,Sales,Assistant Professor,6/8/2000,72032.64,958,3,Malhão,On Leave
959,Thurston Pyser,Legal,Account Representative I,8/11/2010,143511.57,959,3,Ankaran,Inactive
960,Sascha Igglesden,Research and Development,Civil Engineer,3/17/2022,40390.99,960,4,Polevskoy,Inactive
961,Kippy Godridge,Marketing,Quality Engineer,8/30/2021,36415.66,961,1,Stockholm,Inactive
962,Ivette Nudde,Human Resources,Help Desk Operator,8/10/2015,52205.35,962,1,Zhutang,On Leave
963,Asa Goodlet,Research and Development,Associate Professor,9/23/2019,122281.46,963,5,Xankandi,On Leave
964,Bobbee Viccary,Research and Development,Media Manager III,5/31/2008,77783.59,964,4,Varberg,Active
965,Daryle Pardon,Sales,Help Desk Technician,2/4/2017,73147.7,965,4,Pasar,Inactive
966,Nikoletta Rhymes,Research and Development,Internal Auditor,12/6/2000,58197.75,966,5,Yefremov,Active
967,Frazier Bew,Services,Environmental Specialist,2/2/2005,87131.09,967,5,Caridad,On Leave
968,Josepha Pomfrett,Engineering,Environmental Tech,12/29/2018,137918.81,968,2,San Antonio,Active
969,Twyla Mahaffey,Services,Internal Auditor,12/13/2005,94115.42,969,3,Donja Dubica,On Leave
970,Riobard Euels,Engineering,Recruiter,12/9/2009,38549.81,970,4,Maevatanana,On Leave
971,Goraud Musterd,Support,Librarian,9/4/2002,89390.35,971,5,Kadoma,On Leave
972,Talia Steadman,Human Resources,Speech Pathologist,5/24/2011,32288.39,972,2,Shahr-e Bābak,On Leave
973,Amabel Feldman,Support,Speech Pathologist,9/13/2021,78119.24,973,3,Bilopillya,Inactive
974,Archie Riply,Sales,Information Systems Manager,3/20/2008,75496.19,974,2,Dambořice,On Leave
975,Kassey Burbudge,Marketing,Environmental Specialist,5/20/2015,62936.16,975,3,Feodosiya,Active
976,Chrysler Culross,Legal,Occupational Therapist,2/26/2007,149259.45,976,1,Ystad,Inactive
977,Glenda Coniam,Sales,Teacher,12/13/2013,63162.32,977,3,Labé,On Leave
978,Clarita Baldery,Training,Actuary,7/29/2008,68631.54,978,3,Néa Tríglia,On Leave
979,Sharia Pyrah,Product Management,Account Coordinator,5/3/2002,51367.42,979,4,Suya,Active
980,Ker Seamon,Engineering,Senior Editor,4/25/2008,102494.6,980,5,Qiucun,Active
981,Mellicent Corse,Sales,Information Systems Manager,1/29/2019,107033.6,981,2,Baiyushan,On Leave
982,Roland Deniseau,Business Development,Paralegal,4/16/2010,135650.73,982,4,Chuntai,Active
983,Neddy Prendergrass,Research and Development,Payment Adjustment Coordinator,11/18/2013,54712.25,983,5,Danville,On Leave
984,Lacie Jouaneton,Accounting,Programmer III,5/31/2008,97877.14,984,3,Goubangzi,Inactive
985,Kiersten Castanyer,Marketing,Tax Accountant,11/30/2020,137921.13,985,1,Korolevo,Active
986,Shirley Le Houx,Research and Development,Media Manager III,5/15/2010,42121.51,986,1,Bordeaux,Inactive
987,Krisha Culpen,Research and Development,Research Assistant I,10/28/2008,134369.13,987,3,Tournai,On Leave
988,Marguerite Raunds,Accounting,Accountant IV,5/13/2004,109979.89,988,1,Moriki,Inactive
989,Paxton Staley,Product Management,Software Consultant,9/24/2018,88043.68,989,3,Córdoba,Inactive
990,Lyndsey Chedgey,Training,Pharmacist,10/25/2009,63591.12,990,2,Shamkhor,Inactive
991,Danyelle MacTeague,Marketing,Database Administrator II,1/29/2007,114011.54,991,4,Kembangkerang Satu,Inactive
992,Anselma Muggleton,Research and Development,Web Developer III,5/12/2009,76806.17,992,4,Baixi,Active
993,Codi Kerwen,Marketing,Sales Associate,8/11/2004,127962.43,993,1,Lañgub,On Leave
994,Daffie Ovitts,Research and Development,Editor,8/1/2021,39992.64,994,2,Lefkímmi,On Leave
995,Belle Dillingham,Product Management,Administrative Officer,5/1/2016,149685.52,995,3,Pokachi,Active
996,Shea Chapman,Sales,Research Assistant I,5/30/2015,74017.59,996,5,Ilhabela,Inactive
997,Jard Geerling,Accounting,Staff Scientist,9/17/2002,136940.8,997,5,Akademicheskoe,Inactive
998,Andreana Desantis,Accounting,Programmer Analyst IV,10/28/2002,64759.77,998,5,Mpraeso,Inactive
999,Henrik MacQuarrie,Training,Statistician IV,11/11/2011,141152.16,999,1,Cigenca,Inactive
1000,Conan Heyns,Marketing,Account Representative I,4/23/2015,49892.9,1000,1,Pujilí,Inactive
